,motif,n_cells,n_unique_vdj_clones,n_beam_cells,n_donors,n_studies,majority_pathogen,majority_pathogen_unique_clone_frac,majority_annotation,majority_annotation_all_cells_frac,naive_annotation_all_cells_frac,healthy_unique_donor_frac,majority_vdjdb_epitope,majority_vdjdb_organism,n_vdjdb_epitopes,majority_beam_epitope,majority_beam_organism,majority_beam_cells_frac,MHC_I_restricted_allele,MHC_II_restricted_allele,majority_vdjdb_organism_simple,predicted_pathogen,predicted_pathogen_source
0,592,3099,2,544,6,2,EBV_VZV,0.5,T CD8 EF,0.9645569620253165,0.0,0.0,,,,IE62,VZV,0.5055147058823529,Multiple,Multiple,,VZV,beam
1,37,2729,43,11,41,12,SARS-CoV-2,0.49019607843137253,T CD8 EF,0.8431659948699157,0.0007328691828508611,0.08108108108108109,NLVPMVATV,Human herpesvirus 5 (Human cytomegalovirus),2,NLVPMVATV,CMV,1.0,A*02:01,Not restricted,CMV,CMV,beam
2,61,2714,17,0,6,1,HPV,1.0,T CD8 EX,0.7711864406779662,0.0,0.0,HTTDPSFLGRY,SARS-CoV2,1,,,,Not restricted,Not restricted,SARS-CoV-2,HPV,majority_pathogen
8,565,1444,1,0,6,2,SARS-CoV-2,1.0,T CD8 EF,0.9224376731301939,0.0013850415512465374,0.0,,,,,,,Not restricted,Not restricted,,SARS-CoV-2,majority_pathogen
10,25,1156,82,0,73,10,SARS-CoV-2,0.5072463768115942,T CD8 EF,0.782871972318339,0.0034602076124567475,0.11940298507462686,FRCPRRFCF,Human herpesvirus 5 (strain RV798),8,,,,Not restricted,Not restricted,CMV,CMV,vdjdb
11,865,1060,1,110,5,1,EBV_VZV,0.8,,0.0,0.0,0.0,,,,IE62,EBV,0.4090909090909091,Not restricted,Not restricted,,EBV,beam
13,1327,927,1,224,4,1,EBV_VZV,0.75,,0.0,0.0,0.0,,,,EBNA3C,EBV,0.5625,Not restricted,Not restricted,,EBV,beam
15,103,899,4,2,19,7,SARS-CoV-2,0.55,T CD8 EF,0.92880978865406,0.006674082313681869,0.125,QIKVRVDMV,Human herpesvirus 5 (Human cytomegalovirus),1,AVFDRKSDAK,EBV,1.0,A*11:01,Not restricted,CMV,EBV,beam
16,792,830,1,0,5,2,SARS-CoV-2,1.0,T CD8 EF,0.9421686746987952,0.004819277108433735,0.0,,,,,,,Not restricted,Not restricted,,SARS-CoV-2,majority_pathogen
17,71,787,1,0,27,1,SARS-CoV-2,0.8888888888888888,T CD8 EF,0.951715374841169,0.01397712833545108,0.1111111111111111,,,,,,,Not restricted,Not restricted,,SARS-CoV-2,majority_pathogen
22,1153,711,1,0,4,2,SARS-CoV-2,1.0,T CD8 EF,0.5794655414908579,0.0028129395218002813,0.0,,,,,,,Not restricted,Not restricted,,SARS-CoV-2,majority_pathogen
23,38,697,26,1,13,6,SARS-CoV-2,0.391304347826087,T CD8 EF,0.9440459110473458,0.0,0.08333333333333333,STLPETAVVRR,Hepatitis B virus (Human hepatitis B virus),11,GLCTLVAML,EBV,1.0,A*02:01,Not restricted,,EBV,beam
24,548,628,3,0,6,5,SARS-CoV-2,0.6666666666666666,T CD8 EF,0.9219745222929936,0.0015923566878980893,0.0,,,,,,,A*11:01,Multiple,,,
27,198,594,1,0,11,3,SARS-CoV-2,0.8181818181818182,T CD8 EF,0.930976430976431,0.003367003367003367,0.09090909090909091,VTEHDTLLY,Human herpesvirus 5 (Human cytomegalovirus),1,,,,Multiple,Not restricted,CMV,SARS-CoV-2,majority_pathogen
29,172,552,1,0,13,1,SARS-CoV-2,0.9230769230769231,T CD8 EF,0.9528985507246377,0.007246376811594203,0.07692307692307693,NLVPMVATV,Human herpesvirus 5 (Human cytomegalovirus),1,,,,Not restricted,Not restricted,CMV,SARS-CoV-2,majority_pathogen
30,97,501,7,0,14,5,HIV,0.47619047619047616,T CD8 EF,0.7584830339321357,0.001996007984031936,0.0,FVDGVPFVV,Hepatitis B virus (Human hepatitis B virus),5,,,,B*13:01,Not restricted,,,
31,42,479,14,0,25,7,SARS-CoV-2,0.5116279069767442,T CD8 EF,0.534446764091858,0.0041753653444676405,0.045454545454545456,GILGFVFTL,Influenza A virus,4,,,,Not restricted,Not restricted,Influenza,Influenza,vdjdb
33,903,453,2,0,4,3,SARS-CoV-2,0.5,T CD8 EF,0.9492273730684326,0.004415011037527594,0.0,GILGFVFTL,Influenza A virus,2,,,,Multiple,Multiple,Influenza,Influenza,vdjdb
34,51,444,9,383,31,15,SARS-CoV-2,0.3235294117647059,T CD8 EM,0.3469387755102041,0.0,0.0625,CLGGLLTMV,Human herpesvirus 4 (Epstein Barr virus),3,LMP2,EBV,0.9895561357702349,A*02:01,Not restricted,EBV,EBV,beam
35,242,440,7,0,7,5,,0.0,T CD8 EF,0.7863636363636364,0.011363636363636364,0.0,,,,,,,A*02:01,DRB1*07:01,,,
36,148,427,10,0,11,5,HIV,0.35714285714285715,T CD8 EF,0.5175644028103045,0.0,0.18181818181818182,,,,,,,Not restricted,DRB1*12:01,,,
39,117,416,1,0,19,1,SARS-CoV-2,1.0,T CD8 EF,0.9110576923076923,0.028846153846153848,0.0,,,,,,,Not restricted,Not restricted,,SARS-CoV-2,majority_pathogen
40,91,385,17,0,12,7,SARS-CoV-2,0.8181818181818182,T CD8 EF,0.9558441558441558,0.0,0.1111111111111111,GILGFVFTL,SARS-CoV2,8,,,,Not restricted,DPA1*01:03-DPB1*04:01,SARS-CoV-2,SARS-CoV-2,majority_pathogen
41,94,375,11,0,10,3,SARS-CoV-2,0.45454545454545453,T CD8 EF,0.679144385026738,0.0026666666666666666,0.125,GILGFVFTL,Human herpesvirus 5 strain AD169 (Human cytomegalovirus (strain AD169)),3,,,,B*18:01,Multiple,CMV,CMV,vdjdb
42,43,375,10,329,30,12,EBV,0.3488372093023256,T CD8 EM,0.6136363636363636,0.0,0.0967741935483871,GLCTLVAML,Human herpesvirus 4 (Epstein Barr virus),1,BMLF1,EBV,0.9787234042553191,A*02:01,Not restricted,EBV,EBV,beam
43,35,369,18,285,44,10,SARS-CoV-2,0.3620689655172414,T CD8 EM,0.6049382716049383,0.01084010840108401,0.13953488372093023,GLCTLVAML,Human herpesvirus 4 (Epstein Barr virus),1,BMLF1,EBV,0.712280701754386,Not restricted,Not restricted,EBV,EBV,beam
45,65,354,6,0,23,4,SARS-CoV-2,0.896551724137931,T CD8 EF,0.9180790960451978,0.005649717514124294,0.13043478260869565,MIELSLIDFYLCFLAFLLFLVLIML,SARS-CoV2,2,,,,Multiple,Multiple,SARS-CoV-2,SARS-CoV-2,majority_pathogen
46,232,343,3,0,6,4,SARS-CoV-2,0.9,T CD8 EF,0.9475218658892128,0.0029154518950437317,0.0,MGYINVFAFPFTIYSL,Human herpesvirus 5 (Human cytomegalovirus),2,,,,Multiple,Not restricted,CMV,SARS-CoV-2,majority_pathogen
47,233,340,3,0,4,1,HPV,1.0,T CD8 EX,0.788235294117647,0.0,0.0,,,,,,,Not restricted,Not restricted,,HPV,majority_pathogen
49,66,310,14,0,8,4,SARS-CoV-2,0.7241379310344828,T CD8 EF,0.8354838709677419,0.0032258064516129032,0.14285714285714285,KLGGALQAK,SARS-CoV2,6,,,,B*35:03,Not restricted,SARS-CoV-2,SARS-CoV-2,majority_pathogen
51,1329,304,1,60,4,1,EBV_VZV,1.0,,0.0,0.0,0.0,,,,EBNA3C,EBV,0.7333333333333333,Not restricted,Not restricted,,EBV,beam
57,162,261,7,0,11,5,SARS-CoV-2,0.8461538461538461,T CD8 EF,0.896551724137931,0.007662835249042145,0.09090909090909091,FRCPRRFCF,Human herpesvirus 5 (strain RV798),3,,,,C*07:02,Not restricted,CMV,SARS-CoV-2,majority_pathogen
59,578,250,1,0,6,1,SARS-CoV-2,0.8333333333333334,T CD8 EF,0.968,0.008,0.16666666666666666,,,,,,,Not restricted,Not restricted,,SARS-CoV-2,majority_pathogen
60,130,242,5,0,16,5,SARS-CoV-2,0.7647058823529411,T CD8 EF,0.9049586776859504,0.02066115702479339,0.06666666666666667,FVDGVPFVV,SARS-CoV2,2,,,,C*15:02,Not restricted,SARS-CoV-2,SARS-CoV-2,majority_pathogen
64,316,229,5,0,7,5,SARS-CoV-2,0.875,T CD8 EF,0.834061135371179,0.0,0.14285714285714285,LVLSVNPYV,SARS-CoV2,3,,,,Not restricted,Not restricted,SARS-CoV-2,SARS-CoV-2,majority_pathogen
68,167,223,2,22,12,8,SARS-CoV-2,0.38461538461538464,T CD8 EF,0.6756756756756757,0.0,0.08333333333333333,NLVPMVATV,Human herpesvirus 5 (Human cytomegalovirus),1,EBNA1,EBV,0.5909090909090909,A*02:01,Not restricted,CMV,EBV,beam
69,56,209,21,0,25,8,SARS-CoV-2,0.75,T CD8 EF,0.5598086124401914,0.004784688995215311,0.0,YVLDHLIVV,SARS-CoV2,8,,,,Not restricted,Multiple,SARS-CoV-2,SARS-CoV-2,majority_pathogen
73,863,186,1,10,5,1,EBV_VZV,1.0,,0.0,0.0,0.0,,,,EBNA1,EBV,0.5,Not restricted,Not restricted,,EBV,beam
74,64,182,27,69,23,11,SARS-CoV-2,0.3333333333333333,T CD8 EM,0.4528301886792453,0.0,0.125,GLCTLVAML,Human herpesvirus 4 (Epstein Barr virus),1,BMLF1,EBV,0.927536231884058,A*02:01,Not restricted,EBV,EBV,beam
75,171,179,1,0,12,4,SARS-CoV-2,0.6923076923076923,T CD8 EF,0.5810055865921788,0.0,0.0,NLVPMVATV,Human herpesvirus 5 (Human cytomegalovirus),1,,,,Not restricted,Not restricted,CMV,CMV,vdjdb
76,98,173,1,0,21,1,SARS-CoV-2,0.9523809523809523,T CD8 EF,0.8439306358381503,0.05202312138728324,0.047619047619047616,,,,,,,Not restricted,Not restricted,,SARS-CoV-2,majority_pathogen
77,46,172,34,0,13,3,SARS-CoV-2,0.6388888888888888,T CD8 EF,0.877906976744186,0.0,0.0,STLPETAVVRR,Hepatitis B virus (Human hepatitis B virus),5,,,,Multiple,Not restricted,,,
78,834,171,1,0,5,2,SARS-CoV-2,1.0,T CD8 EF,0.9122807017543859,0.005847953216374269,0.0,,,,,,,Not restricted,Not restricted,,SARS-CoV-2,majority_pathogen
79,347,168,1,0,8,1,SARS-CoV-2,0.875,T CD8 EF,0.9642857142857143,0.02976190476190476,0.125,,,,,,,Not restricted,Not restricted,,SARS-CoV-2,majority_pathogen
80,143,162,2,0,15,2,SARS-CoV-2,1.0,T CD8 EF,0.9074074074074074,0.018518518518518517,0.0,,,,,,,Not restricted,Not restricted,,SARS-CoV-2,majority_pathogen
81,326,161,5,0,7,3,,0.0,T CD8 EF,0.5279503105590062,0.0,0.0,FLWLLWPVTLACFVLAAV,SARS-CoV2,3,,,,Not restricted,DRB1*13:01,SARS-CoV-2,SARS-CoV-2,vdjdb
82,173,161,1,0,13,1,SARS-CoV-2,0.9230769230769231,T CD8 EF,0.9440993788819876,0.031055900621118012,0.07692307692307693,,,,,,,Not restricted,Not restricted,,SARS-CoV-2,majority_pathogen
83,793,154,4,0,4,4,SARS-CoV-2,0.8,T CD8 EF,0.8051948051948052,0.006493506493506494,0.0,,,,,,,A*02:01,Not restricted,,SARS-CoV-2,majority_pathogen
84,207,154,1,0,11,1,SARS-CoV-2,1.0,T CD8 EF,0.9025974025974026,0.032467532467532464,0.0,,,,,,,Not restricted,Not restricted,,SARS-CoV-2,majority_pathogen
86,862,150,2,20,5,2,EBV_VZV,0.4,T CD8 Activated,1.0,0.0,0.0,KLGGALQAK,Human herpesvirus 5 strain AD169 (Human cytomegalovirus (strain AD169)),2,IE62,VZV,0.55,Multiple,Multiple,CMV,VZV,beam
87,1334,148,1,8,4,1,EBV_VZV,1.0,,0.0,0.0,0.0,,,,BMLF1,EBV,0.25,Not restricted,Not restricted,,EBV,beam
89,352,147,2,0,8,4,SARS-CoV-2,0.625,T CD8 EF,0.8639455782312925,0.0,0.0,,,,,,,A*03:01,Not restricted,,,
90,201,146,5,0,11,4,SARS-CoV-2,0.9090909090909091,T CD8 EF,0.773972602739726,0.03424657534246575,0.09090909090909091,KLGGALQAK,SARS-CoV2,3,,,,C*07:02,Not restricted,SARS-CoV-2,SARS-CoV-2,majority_pathogen
91,32,145,18,35,52,12,SARS-CoV-2,0.3484848484848485,T CD8 EM,0.46153846153846156,0.006896551724137931,0.13333333333333333,GLCTLVAML,Human herpesvirus 4 (Epstein Barr virus),1,BMLF1,EBV,0.7428571428571429,Not restricted,Not restricted,EBV,EBV,beam
92,204,145,4,0,4,1,HPV,1.0,T CD8 EX,0.7586206896551724,0.0,0.0,LLWNGPMAV,Yellow fever virus 17D (Yellow fever virus (STRAIN 17D)),1,,,,Not restricted,Not restricted,Yellow fever,HPV,majority_pathogen
95,49,140,8,100,20,8,Influenza_CMV_EBV,0.4,T CD4 CM,0.6165413533834586,0.007142857142857143,0.09523809523809523,GILGFVFTL,Influenza A virus,1,GILGFVFTL,Influenza,0.98,A*02:01,Not restricted,Influenza,Influenza,beam
96,351,139,1,0,8,1,SARS-CoV-2,1.0,T CD8 EF,0.9496402877697842,0.02158273381294964,0.0,,,,,,,Not restricted,Not restricted,,SARS-CoV-2,majority_pathogen
97,971,137,4,0,4,2,SARS-CoV-2,1.0,T CD8 EM,0.40145985401459855,0.0,0.0,GLCTLVAML,Human herpesvirus 4 (Epstein Barr virus),2,,,,A*02:01,Not restricted,EBV,SARS-CoV-2,majority_pathogen
98,1297,136,3,0,4,3,SARS-CoV-2,0.75,T CD8 EF,0.8823529411764706,0.0,0.0,KLGGALQAK,Human herpesvirus 5 strain AD169 (Human cytomegalovirus (strain AD169)),1,,,,Not restricted,Not restricted,CMV,SARS-CoV-2,majority_pathogen
99,44,135,24,71,22,10,SARS-CoV-2,0.3684210526315789,T CD8 EM,0.2740740740740741,0.014814814814814815,0.09523809523809523,AVFDRKSDAK,Human herpesvirus 4 (Epstein Barr virus),3,AVFDRKSDAK,EBV,1.0,A*11:01,Not restricted,EBV,EBV,beam
101,290,135,7,0,5,1,HPV,1.0,T CD8 EX,0.762962962962963,0.0,0.0,,,,,,,Not restricted,Not restricted,,HPV,majority_pathogen
103,205,134,1,0,11,1,SARS-CoV-2,0.9090909090909091,T CD8 EF,0.917910447761194,0.03731343283582089,0.09090909090909091,,,,,,,Not restricted,Not restricted,,SARS-CoV-2,majority_pathogen
104,45,132,36,3,31,10,SARS-CoV-2,0.4166666666666667,T CD8 EF,0.432,0.0,0.125,FGEVFNATRFASVY,SARS-CoV2,6,IE62,VZV,0.6666666666666666,Not restricted,Not restricted,SARS-CoV-2,VZV,beam
105,324,130,4,0,8,5,SARS-CoV-2,0.75,T CD4 CTL,0.5461538461538461,0.0,0.0,GILGFVFTL,Influenza A virus,3,,,,Not restricted,Not restricted,Influenza,SARS-CoV-2,majority_pathogen
107,778,130,1,0,5,5,SARS-CoV-2,0.8,T CD8 EF,0.823076923076923,0.0,0.0,,,,,,,Not restricted,DRB1*13:02,,SARS-CoV-2,majority_pathogen
109,193,127,8,0,11,6,SARS-CoV-2,0.5454545454545454,T CD8 EF,0.9606299212598425,0.0,0.125,,,,,,,B*52:01,Not restricted,,,
111,92,123,10,0,13,6,SARS-CoV-2,0.45454545454545453,T CD8 EF,0.5853658536585366,0.0,0.16666666666666666,KLGGALQAK,SARS-CoV2,8,,,,C*06:02,Not restricted,SARS-CoV-2,SARS-CoV-2,vdjdb
112,146,121,1,0,15,1,SARS-CoV-2,0.9333333333333333,T CD8 EF,0.6198347107438017,0.06611570247933884,0.06666666666666667,GDAALALLLLDRLNQL,SARS-CoV2,1,,,,Not restricted,Not restricted,SARS-CoV-2,SARS-CoV-2,majority_pathogen
113,185,119,1,0,12,1,SARS-CoV-2,0.8333333333333334,T CD8 EF,0.8823529411764706,0.058823529411764705,0.16666666666666666,SYFTNMFATWSPSKARLHLQ,Homo sapiens (human),1,,,,Not restricted,Not restricted,other,SARS-CoV-2,majority_pathogen
115,260,116,3,0,6,5,SARS-CoV-2,0.7777777777777778,T CD8 EF,0.7327586206896551,0.0,0.0,AQTFAATHNPWASQA,Human herpesvirus 5 strain AD169 (Human cytomegalovirus (strain AD169)),1,,,,Not restricted,Multiple,CMV,SARS-CoV-2,majority_pathogen
116,593,116,1,107,6,1,EBV,0.8333333333333334,,0.0,0.0,0.0,KLGGALQAK,Human herpesvirus 5 strain AD169 (Human cytomegalovirus (strain AD169)),1,EBNA3C,EBV,1.0,Not restricted,Not restricted,CMV,EBV,beam
117,78,113,19,0,19,9,SARS-CoV-2,0.36,T CD8 EF,0.6371681415929203,0.0,0.11764705882352941,CRVLCCYVL,SARS-CoV2,11,,,,C*07:02,Not restricted,SARS-CoV-2,SARS-CoV-2,vdjdb
118,332,113,2,0,7,5,SARS-CoV-2,1.0,T CD8 EF,0.8407079646017699,0.0,0.0,NEGVKAAW,Human herpesvirus 5 (Human cytomegalovirus),1,,,,Not restricted,Multiple,CMV,SARS-CoV-2,majority_pathogen
120,40,111,39,0,22,6,SARS-CoV-2,0.9555555555555556,T CD8 Activated,0.6513761467889908,0.0,0.0,HTTDPSFLGRY,SARS-CoV2,2,,,,A*01:01,Not restricted,SARS-CoV-2,SARS-CoV-2,majority_pathogen
122,131,108,10,0,9,4,HIV,0.6470588235294118,T CD8 EM,0.2962962962962963,0.018518518518518517,0.0,MGYINVFAFPFTIYSL,SARS-CoV2,1,,,,Multiple,Multiple,SARS-CoV-2,SARS-CoV-2,vdjdb
124,62,107,13,7,23,9,SARS-CoV-2,0.3870967741935484,T CD8 EM,0.45454545454545453,0.0,0.11538461538461539,FGEVFNATRFASVY,SARS-CoV2,3,IE62,EBV,0.42857142857142855,C*07:02,Not restricted,SARS-CoV-2,EBV,beam
126,564,105,1,0,6,1,SARS-CoV-2,1.0,T CD8 EF,0.9619047619047619,0.009523809523809525,0.0,,,,,,,Not restricted,Not restricted,,SARS-CoV-2,majority_pathogen
127,321,104,4,0,6,3,HBV,0.375,T CD8 EF,0.8269230769230769,0.0,0.16666666666666666,KLGGALQAK,Human herpesvirus 5 strain AD169 (Human cytomegalovirus (strain AD169)),1,,,,Multiple,Multiple,CMV,CMV,vdjdb
128,170,104,3,0,13,7,SARS-CoV-2,0.38461538461538464,T CD8 EF,0.6346153846153846,0.009615384615384616,0.15384615384615385,MGYINVFAFPFTIYSL,Human herpesvirus 5 (Human cytomegalovirus),2,,,,A*02:01,Not restricted,CMV,CMV,vdjdb
129,122,104,1,0,18,1,SARS-CoV-2,0.8333333333333334,T CD8 EF,0.5769230769230769,0.08653846153846154,0.16666666666666666,,,,,,,Not restricted,Not restricted,,SARS-CoV-2,majority_pathogen
130,1142,103,2,0,4,3,SARS-CoV-2,0.75,T CD8 EF,0.7864077669902912,0.0,0.0,,,,,,,Not restricted,Not restricted,,SARS-CoV-2,majority_pathogen
132,70,102,21,0,8,5,SARS-CoV-2,0.8888888888888888,T CD8 Activated,0.8181818181818182,0.0,0.0,APHGVVFLHVTYV,SARS-CoV2,6,,,,B*07:02,Not restricted,SARS-CoV-2,SARS-CoV-2,majority_pathogen
134,338,101,3,0,7,4,SARS-CoV-2,0.875,T CD8 EF,0.9306930693069307,0.0,0.0,FLNGSCGSV,SARS-CoV2,3,,,,Multiple,Not restricted,SARS-CoV-2,SARS-CoV-2,majority_pathogen
136,312,100,8,0,8,5,SARS-CoV-2,0.75,T CD4 CTL,0.37,0.0,0.14285714285714285,GLCTLVAML,Human herpesvirus 4 (Epstein Barr virus),2,,,,Not restricted,DPA1*01:03-DPB1*02:01,EBV,SARS-CoV-2,majority_pathogen
137,550,100,1,0,6,2,SARS-CoV-2,0.6666666666666666,T CD8 EF,0.79,0.04,0.16666666666666666,MGYINVFAFPFTIYSL,SARS-CoV2,1,,,,Not restricted,Not restricted,SARS-CoV-2,SARS-CoV-2,vdjdb
139,631,98,5,5,5,5,SARS-CoV-2,0.4,T CD8 EF,0.8125,0.0,0.0,SGQGSFQPSQQNP,Triticum aestivum (Canadian hard winter wheat),1,EBNA1,EBV,0.6,Not restricted,Not restricted,other,EBV,beam
140,430,98,3,0,6,1,SARS-CoV-2,1.0,T CD8 EM,0.7040816326530612,0.030612244897959183,0.0,MIELSLIDFYLCFLAFLLFLVLIML,SARS-CoV2,1,,,,Not restricted,Not restricted,SARS-CoV-2,SARS-CoV-2,majority_pathogen
141,221,97,6,0,7,4,SARS-CoV-2,0.5,T CD8 EF,0.865979381443299,0.0,0.0,STLPETAVVRR,Hepatitis B virus (Human hepatitis B virus),3,,,,A*33:03,Not restricted,,,
142,39,96,8,22,28,10,Influenza_CMV_EBV,0.32608695652173914,T CD8 CM,0.32432432432432434,0.010416666666666666,0.10714285714285714,GILGFVFTL,Influenza A virus,2,GILGFVFTL,Influenza,0.8636363636363636,A*02:01,Not restricted,Influenza,Influenza,beam
143,428,96,1,14,6,4,EBV_VZV,0.42857142857142855,T CD8 EF,0.5,0.0,0.0,,,,EBNA1,EBV,0.5714285714285714,Multiple,Multiple,,EBV,beam
144,34,94,16,6,52,12,SARS-CoV-2,0.38095238095238093,T CD8 EF,0.42105263157894735,0.010638297872340425,0.1111111111111111,AVFDRKSDAK,Human herpesvirus 4 (Epstein Barr virus),3,IE62,VZV,0.6666666666666666,Not restricted,Not restricted,EBV,VZV,beam
145,1045,94,3,0,4,5,SARS-CoV-2,0.5,T CD8 EF,0.9042553191489362,0.0,0.0,,,,,,,Multiple,Not restricted,,,
146,1091,94,3,0,4,2,,0.0,T CD8 EF,0.6170212765957447,0.010638297872340425,0.0,NLVPMVATV,Human herpesvirus 5 (Human cytomegalovirus),1,,,,A*02:01,Not restricted,CMV,CMV,vdjdb
147,506,93,5,0,6,5,SARS-CoV-2,0.6666666666666666,T CD4 CTL,0.6129032258064516,0.0,0.16666666666666666,VQPTESIVRFPNITNLCPF,SARS-CoV2,2,,,,Not restricted,DPA1*01:03-DPB1*02:01,SARS-CoV-2,SARS-CoV-2,vdjdb
148,114,92,14,11,12,6,SARS-CoV-2,0.5263157894736842,T CD8 EF,0.8108108108108109,0.0,0.0,CVNGSCFTV,SARS-CoV2,6,EBNA1,EBV,0.5454545454545454,B*18:01,Not restricted,SARS-CoV-2,EBV,beam
149,319,92,8,0,5,4,SARS-CoV-2,0.75,T CD8 EF,0.8913043478260869,0.010869565217391304,0.0,LTDEMIAQY,SARS-CoV2,1,,,,Multiple,Multiple,SARS-CoV-2,SARS-CoV-2,majority_pathogen
150,1280,91,1,0,4,1,SARS-CoV-2,1.0,T CD8 EF,0.5604395604395604,0.01098901098901099,0.0,,,,,,,Not restricted,Not restricted,,SARS-CoV-2,majority_pathogen
152,433,90,1,0,7,1,SARS-CoV-2,1.0,T CD8 EF,0.9111111111111111,0.022222222222222223,0.0,,,,,,,Not restricted,Not restricted,,SARS-CoV-2,majority_pathogen
154,138,89,9,38,11,4,SARS-CoV-2,0.4375,T CD8 EM,0.56,0.02247191011235955,0.09090909090909091,GLCTLVAML,Human herpesvirus 4 (Epstein Barr virus),1,BMLF1,EBV,1.0,A*02:01,Not restricted,EBV,EBV,beam
156,93,86,3,0,12,6,SARS-CoV-2,0.8181818181818182,T CD8 EF,0.627906976744186,0.0,0.08333333333333333,FVCNLLLLFVTVYSHLLLV,SARS-CoV2,2,,,,A*11:01,Not restricted,SARS-CoV-2,SARS-CoV-2,majority_pathogen
157,350,86,1,0,8,1,SARS-CoV-2,1.0,T CD8 EF,0.8953488372093024,0.023255813953488372,0.0,,,,,,,Not restricted,Not restricted,,SARS-CoV-2,majority_pathogen
158,1335,86,1,14,4,1,EBV_VZV,0.75,,0.0,0.0,0.0,,,,EBNA1,EBV,0.5,Not restricted,Not restricted,,EBV,beam
159,644,85,4,0,5,4,SARS-CoV-2,0.6,T CD8 EF,0.8117647058823529,0.0,0.0,,,,,,,C*07:02,Not restricted,,,
160,538,85,3,0,4,3,SARS-CoV-2,0.8333333333333334,T CD8 EF,0.9647058823529412,0.0,0.0,GILGFVFTL,Influenza A virus,1,,,,Multiple,Multiple,Influenza,SARS-CoV-2,majority_pathogen
163,426,80,2,0,7,4,SARS-CoV-2,0.8571428571428571,T CD4 CTL,0.4375,0.025,0.0,KLGGALQAK,Human herpesvirus 5 strain AD169 (Human cytomegalovirus (strain AD169)),1,,,,A*11:01,Multiple,CMV,SARS-CoV-2,majority_pathogen
165,362,77,7,0,7,5,SARS-CoV-2,0.5714285714285714,T CD8 EF,0.922077922077922,0.0,0.0,,,,,,,C*06:02,Not restricted,,,
166,231,77,3,0,10,7,SARS-CoV-2,0.6,T CD8 EF,0.8108108108108109,0.0,0.1,KLGGALQAK,Human herpesvirus 5 strain AD169 (Human cytomegalovirus (strain AD169)),1,,,,C*07:02,Not restricted,CMV,CMV,vdjdb
167,346,77,1,0,8,1,SARS-CoV-2,0.875,T CD8 EF,0.8701298701298701,0.05194805194805195,0.125,,,,,,,Not restricted,Not restricted,,SARS-CoV-2,majority_pathogen
168,310,75,6,0,7,4,Dengue_virus,0.375,T CD8 EF,0.5066666666666667,0.0,0.0,FLPFFSNVTWFHAI,SARS-CoV2,1,,,,Not restricted,Not restricted,SARS-CoV-2,SARS-CoV-2,vdjdb
169,499,75,6,9,6,4,SARS-CoV-2,0.5,T CD8 EF,0.7142857142857143,0.0,0.0,GLEAPFLYLYALVYFLQSINFVRIIMR,SARS-CoV2,1,IE62,VZV,0.8888888888888888,A*02:01,Multiple,SARS-CoV-2,VZV,beam
170,36,74,43,6,38,13,EBV_VZV,0.35185185185185186,T CD8 EM,0.39473684210526316,0.013513513513513514,0.10256410256410256,FLYALALLL,Human herpesvirus 4 strain B95-8 (Epstein-Barr virus (strain B95-8)),4,EBNA3C,EBV,0.5,A*02:01,Not restricted,EBV,EBV,beam
171,975,74,3,0,4,4,SARS-CoV-2,0.5,T CD8 EF,0.3918918918918919,0.013513513513513514,0.0,,,,,,,Multiple,Multiple,,,
172,1240,72,1,0,4,1,SARS-CoV-2,1.0,T CD8 EF,0.875,0.027777777777777776,0.0,,,,,,,Not restricted,Not restricted,,SARS-CoV-2,majority_pathogen
174,195,70,3,0,5,1,SARS-CoV-2,1.0,T CD8 EF,0.9428571428571428,0.02857142857142857,0.0,NLVPMVATV,Human herpesvirus 5 (Human cytomegalovirus),1,,,,Not restricted,Not restricted,CMV,SARS-CoV-2,majority_pathogen
175,235,70,1,0,10,1,SARS-CoV-2,0.9,T CD4 CTL,0.6142857142857143,0.04285714285714286,0.1,,,,,,,Not restricted,Not restricted,,SARS-CoV-2,majority_pathogen
176,237,70,1,0,10,1,SARS-CoV-2,1.0,T CD8 EF,0.8428571428571429,0.05714285714285714,0.0,,,,,,,Not restricted,Not restricted,,SARS-CoV-2,majority_pathogen
178,48,66,13,0,29,8,SARS-CoV-2,0.6285714285714286,T CD4 CM,0.6363636363636364,0.0,0.16,,,,,,,Not restricted,Not restricted,,,
179,357,66,7,46,7,7,SARS-CoV-2,0.5714285714285714,T CD8 EF,0.3484848484848485,0.015151515151515152,0.0,IVTDFSVIK,Human herpesvirus 4 (Epstein Barr virus),1,IVTDFSVIK,EBV,1.0,A*11:01,Not restricted,EBV,EBV,beam
180,323,66,3,0,8,4,SARS-CoV-2,0.875,T CD8 EF,0.7727272727272727,0.045454545454545456,0.0,,,,,,,Multiple,Not restricted,,SARS-CoV-2,majority_pathogen
182,104,65,15,16,5,3,EBV_VZV,0.65,T CD8 EM,0.6,0.0,0.0,HTTDPSFLGRY,SARS-CoV2,5,IE62,VZV,0.9375,Multiple,DPA1*01:03-DPB1*04:01,SARS-CoV-2,VZV,beam
184,341,65,3,0,7,4,SARS-CoV-2,0.75,T CD8 EF,0.7538461538461538,0.015384615384615385,0.0,KLGGALQAK,SARS-CoV2,3,,,,B*40:01,Not restricted,SARS-CoV-2,SARS-CoV-2,majority_pathogen
185,286,65,1,0,9,1,SARS-CoV-2,0.8888888888888888,T CD8 EF,0.8,0.03076923076923077,0.1111111111111111,,,,,,,Not restricted,Not restricted,,SARS-CoV-2,majority_pathogen
186,236,64,1,0,9,1,SARS-CoV-2,1.0,T CD8 EF,0.65625,0.078125,0.0,,,,,,,Not restricted,Not restricted,,SARS-CoV-2,majority_pathogen
187,239,63,7,0,8,6,SARS-CoV-2,0.3333333333333333,T CD8 EX,0.3709677419354839,0.0,0.125,FLNGSCGSV,SARS-CoV2,1,,,,Not restricted,Not restricted,SARS-CoV-2,SARS-CoV-2,vdjdb
188,543,62,4,0,5,3,SARS-CoV-2,1.0,T CD8 EF,0.5967741935483871,0.0,0.0,MMISAGFSL,SARS-CoV2,3,,,,Multiple,Multiple,SARS-CoV-2,SARS-CoV-2,majority_pathogen
189,348,61,1,0,8,1,SARS-CoV-2,0.875,T CD8 EF,0.8360655737704918,0.03278688524590164,0.125,,,,,,,Not restricted,Not restricted,,SARS-CoV-2,majority_pathogen
192,812,59,2,0,5,3,SARS-CoV-2,1.0,T CD8 EF,0.8983050847457628,0.01694915254237288,0.0,,,,,,,Multiple,Multiple,,SARS-CoV-2,majority_pathogen
194,69,58,19,0,13,6,SARS-CoV-2,1.0,T CD8 Activated,0.6551724137931034,0.0,0.0,ALRKVPTDNYITTY,SARS-CoV2,3,,,,A*01:01,Not restricted,SARS-CoV-2,SARS-CoV-2,majority_pathogen
195,411,58,2,10,7,2,SARS-CoV-2,0.42857142857142855,T CD8 EM,0.6,0.0,0.1111111111111111,FLYNPLTRV,Homo sapiens (human),1,EBNA1,EBV,0.7,B*44:03,Not restricted,other,EBV,beam
196,432,58,1,0,7,1,SARS-CoV-2,1.0,T CD8 EF,0.8275862068965517,0.05172413793103448,0.0,,,,,,,Not restricted,Not restricted,,SARS-CoV-2,majority_pathogen
197,1264,58,1,0,4,1,SARS-CoV-2,1.0,T CD8 EF,0.9482758620689655,0.017241379310344827,0.0,,,,,,,Not restricted,Not restricted,,SARS-CoV-2,majority_pathogen
198,297,57,6,0,5,2,SARS-CoV-2,0.625,T CD8 EF,0.8070175438596491,0.0,0.0,HTTDPSFLGRY,SARS-CoV2,2,,,,Not restricted,DRB1*07:01,SARS-CoV-2,SARS-CoV-2,vdjdb
199,128,56,10,0,15,8,SARS-CoV-2,0.6470588235294118,T CD8 EM,0.8301886792452831,0.0,0.07692307692307693,CLGGLLTMV,Human herpesvirus 4 (Epstein Barr virus),3,,,,B*07:02,Not restricted,EBV,EBV,vdjdb
200,1134,56,3,0,4,2,SARS-CoV-2,0.75,T CD8 EF,0.9285714285714286,0.0,0.0,,,,,,,A*24:02,DPA1*01:03-DPB1*04:01,,SARS-CoV-2,majority_pathogen
201,210,55,4,0,7,4,SARS-CoV-2,0.5454545454545454,T CD8 EM,0.5818181818181818,0.0,0.0,QLMCQPILLL,SARS-CoV2,1,,,,B*40:06,Not restricted,SARS-CoV-2,SARS-CoV-2,vdjdb
203,431,55,1,0,7,1,SARS-CoV-2,1.0,T CD8 EF,0.9090909090909091,0.05454545454545454,0.0,,,,,,,Not restricted,Not restricted,,SARS-CoV-2,majority_pathogen
206,183,54,6,1,10,6,SARS-CoV-2,0.5,T CD8 EM,0.6666666666666666,0.018518518518518517,0.18181818181818182,EPLPQGQLTAY,Human herpesvirus 4 (Epstein Barr virus),3,IE62,VZV,1.0,B*35:01,Not restricted,EBV,VZV,beam
207,655,54,1,0,5,6,SARS-CoV-2,0.4,T CD8 EF,0.7407407407407407,0.037037037037037035,0.0,,,,,,,Multiple,Not restricted,,,
208,1279,54,1,0,4,1,SARS-CoV-2,1.0,T CD8 EF,0.9629629629629629,0.037037037037037035,0.0,,,,,,,Not restricted,Not restricted,,SARS-CoV-2,majority_pathogen
210,41,52,23,0,27,6,SARS-CoV-2,1.0,T CD4 CM,0.46153846153846156,0.019230769230769232,0.0,FLNGSCGSV,SARS-CoV2,10,,,,Not restricted,Not restricted,SARS-CoV-2,SARS-CoV-2,majority_pathogen
212,68,52,16,0,14,4,SARS-CoV-2,1.0,T CD8 Activated,0.6538461538461539,0.019230769230769232,0.0,HTTDPSFLGRY,SARS-CoV2,2,,,,A*01:01,Not restricted,SARS-CoV-2,SARS-CoV-2,majority_pathogen
213,1238,52,1,0,4,1,SARS-CoV-2,1.0,T CD8 EF,0.7115384615384616,0.019230769230769232,0.0,,,,,,,Not restricted,Not restricted,,SARS-CoV-2,majority_pathogen
214,179,51,6,0,11,6,SARS-CoV-2,0.4166666666666667,T CD4 CTL,0.7450980392156863,0.0,0.18181818181818182,,,,,,,A*24:02,Multiple,,,
215,424,51,2,0,5,3,SARS-CoV-2,0.5714285714285714,T CD8 EF,0.49019607843137253,0.0196078431372549,0.0,,,,,,,Not restricted,Not restricted,,,
216,287,51,1,0,9,1,SARS-CoV-2,0.8888888888888888,T CD8 EF,0.8431372549019608,0.0784313725490196,0.1111111111111111,,,,,,,Not restricted,Not restricted,,SARS-CoV-2,majority_pathogen
218,85,50,12,10,14,8,Influenza_CMV_EBV,0.375,T CD8 Activated,0.34146341463414637,0.0,0.07692307692307693,GILGFVFTL,Influenza A virus,2,GILGFVFTL,Influenza,1.0,A*02:01,Not restricted,Influenza,Influenza,beam
219,826,50,4,0,4,3,SARS-CoV-2,0.4,T CD8 EF,0.56,0.0,0.0,,,,,,,Multiple,Multiple,,,
220,774,50,2,42,4,2,EBV,0.8,T CD8 EM,0.75,0.0,0.16666666666666666,KLGGALQAK,Human herpesvirus 5 strain AD169 (Human cytomegalovirus (strain AD169)),2,EBNA3C,EBV,1.0,Not restricted,Not restricted,CMV,EBV,beam
221,163,49,9,8,11,6,SARS-CoV-2,0.46153846153846156,T CD4 CM,0.38461538461538464,0.0,0.14285714285714285,MIELSLIDFYLCFLAFLLFLVLIML,SARS-CoV2,5,BRLF1,EBV,0.75,A*02:01,Not restricted,SARS-CoV-2,EBV,beam
223,741,49,5,0,4,3,SARS-CoV-2,0.4,T CD8 EF,0.673469387755102,0.0,0.0,,,,,,,Multiple,Not restricted,,,
224,1292,49,2,0,4,4,,0.0,T CD8 EF,0.6530612244897959,0.0,0.0,,,,,,,A*03:01,Not restricted,,,
225,576,49,1,0,6,1,SARS-CoV-2,1.0,T CD8 EF,0.7551020408163265,0.08163265306122448,0.0,,,,,,,Not restricted,Not restricted,,SARS-CoV-2,majority_pathogen
226,154,48,1,1,14,8,SARS-CoV-2,0.5,T CD8 EF,0.7291666666666666,0.0,0.15384615384615385,,,,TPRVTGGGAM,CMV,1.0,B*07:02,Not restricted,,CMV,beam
227,574,48,1,0,6,1,SARS-CoV-2,1.0,T CD8 EF,0.6666666666666666,0.0625,0.0,,,,,,,Not restricted,Not restricted,,SARS-CoV-2,majority_pathogen
228,786,48,1,0,5,4,SARS-CoV-2,0.8,T CD8 EF,0.6666666666666666,0.0,0.0,GILGFVFTL,Influenza A virus,1,,,,C*06:02,Not restricted,Influenza,SARS-CoV-2,majority_pathogen
229,1242,48,1,0,4,1,SARS-CoV-2,1.0,T CD8 EF,0.9375,0.041666666666666664,0.0,,,,,,,Not restricted,Not restricted,,SARS-CoV-2,majority_pathogen
230,47,47,16,10,24,12,SARS-CoV-2,0.3333333333333333,T CD8 CM,0.275,0.02127659574468085,0.17391304347826086,GILGFVFTL,Influenza A virus,1,GILGFVFTL,Influenza,0.8,A*02:01,Not restricted,Influenza,Influenza,beam
231,115,47,8,8,15,7,Influenza_CMV_EBV,0.2631578947368421,T CD8 EM,0.23529411764705882,0.02127659574468085,0.06666666666666667,GILGFVFTL,Influenza A virus,1,IE62,VZV,0.625,A*02:01,Not restricted,Influenza,VZV,beam
232,842,47,1,0,5,1,SARS-CoV-2,1.0,T CD8 EF,0.8297872340425532,0.0425531914893617,0.0,,,,,,,Not restricted,Not restricted,,SARS-CoV-2,majority_pathogen
234,102,46,12,0,15,3,SARS-CoV-2,1.0,T CD8 Activated,0.8043478260869565,0.0,0.0,HTTDPSFLGRY,SARS-CoV2,1,,,,A*01:01,Not restricted,SARS-CoV-2,SARS-CoV-2,majority_pathogen
236,421,46,3,0,5,4,SARS-CoV-2,0.8571428571428571,T CD8 EF,0.9347826086956522,0.0,0.0,,,,,,,Multiple,Not restricted,,SARS-CoV-2,majority_pathogen
238,1244,46,1,0,4,1,SARS-CoV-2,1.0,T CD8 EF,0.9347826086956522,0.021739130434782608,0.0,,,,,,,Not restricted,Not restricted,,SARS-CoV-2,majority_pathogen
241,187,45,8,0,6,5,SARS-CoV-2,0.6363636363636364,T CD8 EF,0.8222222222222222,0.0,0.16666666666666666,,,,,,,Multiple,Multiple,,,
243,349,45,1,0,8,1,SARS-CoV-2,1.0,T CD8 EF,0.8888888888888888,0.044444444444444446,0.0,,,,,,,Not restricted,Not restricted,,SARS-CoV-2,majority_pathogen
244,841,45,1,0,5,1,SARS-CoV-2,1.0,T CD8 EF,0.6888888888888889,0.044444444444444446,0.0,,,,,,,Not restricted,Not restricted,,SARS-CoV-2,majority_pathogen
245,1262,45,1,0,4,1,SARS-CoV-2,1.0,T CD8 EF,0.4888888888888889,0.022222222222222223,0.0,,,,,,,Not restricted,Not restricted,,SARS-CoV-2,majority_pathogen
246,262,44,9,22,8,5,Influenza_CMV_EBV,0.3333333333333333,T CD8 EF,0.29545454545454547,0.0,0.14285714285714285,IVTDFSVIK,Human herpesvirus 4 (Epstein Barr virus),2,IVTDFSVIK,EBV,1.0,A*11:01,Not restricted,EBV,EBV,beam
247,220,43,3,0,6,2,Dengue_virus,0.5,T CD8 EF,0.5116279069767442,0.0,0.0,AVFDRKSDAK,SARS-CoV2,3,,,,C*04:03,Not restricted,SARS-CoV-2,SARS-CoV-2,vdjdb
248,219,42,9,0,7,4,SARS-CoV-2,0.7,T CD8 EF,0.8095238095238095,0.023809523809523808,0.0,GILGFVFTL,SARS-CoV2,3,,,,Not restricted,Not restricted,SARS-CoV-2,SARS-CoV-2,vdjdb
249,563,42,4,0,4,2,HIV,0.8333333333333334,T CD8 PEX,0.40476190476190477,0.0,0.0,,,,,,,Not restricted,Not restricted,,HIV,majority_pathogen
251,112,41,15,0,14,7,SARS-CoV-2,0.3684210526315789,T CD8 EM,0.5121951219512195,0.04878048780487805,0.18181818181818182,RAKFKQLL,Human herpesvirus 4 (Epstein Barr virus),2,,,,B*08:01,Not restricted,EBV,EBV,vdjdb
252,858,41,2,9,5,3,SARS-CoV-2,0.4,T CD8 EM,0.625,0.0,0.0,GILGFVFTL,Influenza A virus,2,IE62,VZV,0.8888888888888888,Multiple,DPA1*01:03-DPB1*02:01,Influenza,VZV,beam
256,258,40,5,0,8,3,SARS-CoV-2,0.6666666666666666,T CD8 EM,0.425,0.0,0.0,LLWNGPMAV,Yellow fever virus 17D (Yellow fever virus (STRAIN 17D)),2,,,,B*40:01,Not restricted,Yellow fever,Yellow fever,vdjdb
257,1290,40,1,0,4,1,SARS-CoV-2,1.0,T CD8 EF,0.85,0.075,0.0,,,,,,,Not restricted,Not restricted,,SARS-CoV-2,majority_pathogen
258,116,39,12,0,14,9,SARS-CoV-2,0.5789473684210527,T CD8 EM,0.5666666666666667,0.0,0.16666666666666666,,,,,,,A*02:01,Not restricted,,,
259,294,39,8,0,8,5,SARS-CoV-2,0.5,T CD4 CTL,0.6410256410256411,0.0,0.16666666666666666,,,,,,,Not restricted,DRB1*11:01,,,
261,1127,39,3,0,4,4,SARS-CoV-2,0.75,T CD8 EF,0.6410256410256411,0.0,0.0,,,,,,,Multiple,Not restricted,,SARS-CoV-2,majority_pathogen
262,137,39,2,0,15,8,SARS-CoV-2,0.625,T CD8 EF,0.8205128205128205,0.0,0.14285714285714285,HVTYVPAQEKNF,Human herpesvirus 5 (Human cytomegalovirus),2,,,,C*07:02,Not restricted,CMV,CMV,vdjdb
263,579,39,1,0,6,1,SARS-CoV-2,1.0,T CD8 EF,0.5897435897435898,0.05128205128205128,0.0,VFITLCFTLK,SARS-CoV2,1,,,,Not restricted,Not restricted,SARS-CoV-2,SARS-CoV-2,majority_pathogen
264,1241,39,1,0,4,1,SARS-CoV-2,1.0,T CD8 EF,0.8717948717948718,0.02564102564102564,0.0,,,,,,,Not restricted,Not restricted,,SARS-CoV-2,majority_pathogen
266,446,38,6,0,4,2,SARS-CoV-2,1.0,T CD8 Activated,0.7631578947368421,0.0,0.0,HTTDPSFLGRY,SARS-CoV2,1,,,,A*01:01,Not restricted,SARS-CoV-2,SARS-CoV-2,majority_pathogen
268,272,38,2,2,7,3,SARS-CoV-2,0.5555555555555556,T CD8 EF,0.5789473684210527,0.0,0.0,LPLKMLNI,Human herpesvirus 5 (Human cytomegalovirus),1,AVFDRKSDAK,EBV,1.0,A*11:01,Not restricted,CMV,EBV,beam
271,392,37,5,7,5,2,EBV_VZV,0.7142857142857143,T CD8 EF,0.5714285714285714,0.0,0.0,LITLATCELYHYQECV,SARS-CoV2,3,EBNA1,EBV,0.8571428571428571,Multiple,Multiple,SARS-CoV-2,EBV,beam
275,190,36,9,0,8,6,SARS-CoV-2,0.5454545454545454,T CD8 EF,0.7647058823529411,0.0,0.16666666666666666,HTTDPSFLGRY,SARS-CoV2,6,,,,Not restricted,Not restricted,SARS-CoV-2,SARS-CoV-2,vdjdb
276,730,36,5,0,4,4,SARS-CoV-2,0.4,T CD4 CTL,0.4166666666666667,0.0,0.0,,,,,,,Multiple,Multiple,,,
277,905,36,4,0,4,4,SARS-CoV-2,0.5,T CD8 EF,0.5555555555555556,0.0,0.0,KAYNVTQAF,SARS-CoV2,3,,,,B*40:01,Not restricted,SARS-CoV-2,SARS-CoV-2,vdjdb
278,344,36,2,2,7,7,,0.0,T CD8 EF,0.7,0.027777777777777776,0.16666666666666666,NLVPMVATV,Human herpesvirus 5 (Human cytomegalovirus),1,EBNA1,EBV,1.0,A*02:01,DPA1*01:03-DPB1*04:01,CMV,EBV,beam
279,566,36,1,0,6,1,SARS-CoV-2,1.0,T CD8 EF,0.9166666666666666,0.027777777777777776,0.0,,,,,,,Not restricted,Not restricted,,SARS-CoV-2,majority_pathogen
280,129,35,14,2,15,6,EBV_VZV,0.4117647058823529,T CD8 EM,0.3333333333333333,0.0,0.07692307692307693,LPRRSGAAGA,Influenza A virus,1,EBNA1,EBV,0.5,Not restricted,Not restricted,Influenza,EBV,beam
281,141,35,14,0,12,5,EBV_VZV,0.5333333333333333,T CD8 EM,0.5652173913043478,0.0,0.16666666666666666,GLEAPFLYLYALVYFLQSINFVRIIMR,SARS-CoV2,3,,,,Multiple,Not restricted,SARS-CoV-2,SARS-CoV-2,vdjdb
282,503,35,5,0,4,3,SARS-CoV-2,0.5,T CD8 EF,0.6285714285714286,0.0,0.0,,,,,,,Multiple,Multiple,,,
285,84,34,4,1,20,9,SARS-CoV-2,0.2916666666666667,T CD8 EM,0.48,0.058823529411764705,0.15789473684210525,FVDGVPFVV,SARS-CoV2,3,IE62,VZV,1.0,A*02:01,Not restricted,SARS-CoV-2,VZV,beam
286,415,34,4,0,7,3,SARS-CoV-2,0.8571428571428571,T CD8 EF,0.47058823529411764,0.058823529411764705,0.0,KLGGALQAK,Human herpesvirus 5 strain AD169 (Human cytomegalovirus (strain AD169)),2,,,,Not restricted,Multiple,CMV,SARS-CoV-2,majority_pathogen
287,476,34,2,0,6,3,SARS-CoV-2,1.0,T CD8 EF,0.8823529411764706,0.029411764705882353,0.0,,,,,,,A*01:01,DPA1*01:03-DPB1*02:01,,SARS-CoV-2,majority_pathogen
289,1210,34,1,0,4,4,Dengue_virus,0.25,T CD8 EF,0.7647058823529411,0.0,0.0,,,,,,,Multiple,Multiple,,,
290,1336,34,1,5,4,1,EBV_VZV,1.0,,0.0,0.0,0.0,,,,EBNA1,EBV,0.4,Not restricted,Not restricted,,EBV,beam
292,110,33,17,0,17,8,SARS-CoV-2,0.47368421052631576,T CD8 EM,0.45454545454545453,0.0,0.1875,,,,,,,A*24:02,Not restricted,,,
293,108,33,12,16,13,7,Influenza_CMV_EBV,0.3684210526315789,T CD4 CM,0.3870967741935484,0.030303030303030304,0.0,GILGFVFTL,Influenza A virus,1,GILGFVFTL,Influenza,1.0,A*02:01,Not restricted,Influenza,Influenza,beam
294,399,33,5,3,5,2,EBV_VZV,0.8571428571428571,T CD8 EM,1.0,0.0,0.0,,,,EBNA1,EBV,0.3333333333333333,Multiple,Multiple,,EBV,beam
296,100,32,17,0,15,9,SARS-CoV-2,0.4,T CD4 CM,0.59375,0.03125,0.13333333333333333,RLRAEAQVK,SARS-CoV2,10,,,,Not restricted,Not restricted,SARS-CoV-2,SARS-CoV-2,vdjdb
299,584,32,1,0,6,1,SARS-CoV-2,0.8333333333333334,T CD8 EF,0.3125,0.09375,0.16666666666666666,,,,,,,Not restricted,Not restricted,,SARS-CoV-2,majority_pathogen
300,1261,32,1,0,4,1,SARS-CoV-2,1.0,T CD8 EF,0.90625,0.03125,0.0,,,,,,,Not restricted,Not restricted,,SARS-CoV-2,majority_pathogen
302,118,31,12,0,6,5,SARS-CoV-2,0.4444444444444444,T CD8 EF,0.896551724137931,0.0,0.16666666666666666,RLRAEAQVK,SARS-CoV2,7,,,,Not restricted,Not restricted,SARS-CoV-2,SARS-CoV-2,vdjdb
303,151,31,8,0,13,3,SARS-CoV-2,1.0,T CD8 EF,0.5483870967741935,0.0,0.0,HTTDPSFLGRY,SARS-CoV2,2,,,,A*01:01,Not restricted,SARS-CoV-2,SARS-CoV-2,majority_pathogen
304,182,31,8,6,5,5,Influenza_CMV_EBV,0.5833333333333334,T CD4 CM,0.5161290322580645,0.0967741935483871,0.0,GILGFVFTL,Influenza A virus,1,AVFDRKSDAK,EBV,1.0,A*11:01,Not restricted,Influenza,EBV,beam
305,639,31,5,0,4,2,SARS-CoV-2,0.6,T CD8 EF,0.7419354838709677,0.0,0.0,GLEAPFLYLYALVYFLQSINFVRIIMR,SARS-CoV2,4,,,,Not restricted,DPA1*01:03-DPB1*04:01,SARS-CoV-2,SARS-CoV-2,vdjdb
306,1036,31,4,0,4,4,Influenza_CMV_EBV,0.25,T CD8 EF,0.7096774193548387,0.0,0.0,ALWEIQQVV,Human herpesvirus 4 (Epstein Barr virus),3,,,,Multiple,Not restricted,EBV,EBV,vdjdb
307,1278,31,2,24,4,3,SARS-CoV-2,0.75,T CD8 EF,0.6129032258064516,0.0,0.0,NLVPMVATV,Human herpesvirus 5 (Human cytomegalovirus),1,NLVPMVATV,CMV,1.0,A*02:01,Not restricted,CMV,CMV,beam
310,99,30,17,0,14,7,SARS-CoV-2,0.45,T CD8 CM,0.36666666666666664,0.03333333333333333,0.14285714285714285,AELAKNVSLDNVL,SARS-CoV2,5,,,,Not restricted,Not restricted,SARS-CoV-2,SARS-CoV-2,vdjdb
314,120,29,16,1,13,9,SARS-CoV-2,0.2777777777777778,T CD8 EF,0.3333333333333333,0.10344827586206896,0.16666666666666666,LLWNGPMAV,Yellow fever virus 17D (Yellow fever virus (STRAIN 17D)),5,BMLF1,EBV,1.0,A*02:01,Not restricted,Yellow fever,EBV,beam
317,80,28,18,0,20,8,SARS-CoV-2,0.5833333333333334,T CD4 CM,0.7857142857142857,0.0,0.13333333333333333,MGYINVFAFPFTIYSL,SARS-CoV2,2,,,,Not restricted,DRB1*03:01,SARS-CoV-2,SARS-CoV-2,vdjdb
318,105,28,17,2,15,7,EBV_VZV,0.45,T CD8 RM,0.42857142857142855,0.03571428571428571,0.0625,KLGGALQAK,Human herpesvirus 5 strain AD169 (Human cytomegalovirus (strain AD169)),1,IE62,VZV,1.0,A*02:01,Not restricted,CMV,VZV,beam
319,95,28,14,4,12,5,SARS-CoV-2,0.5238095238095238,T CD8 Activated,0.7142857142857143,0.0,0.0,YLQPRTFLL,SARS-CoV2,2,IE62,VZV,0.5,A*02:01,Not restricted,SARS-CoV-2,VZV,beam
320,275,28,6,0,7,5,SARS-CoV-2,1.0,T CD8 EF,0.9285714285714286,0.0,0.0,GILGFVFTL,Human herpesvirus 4 (Epstein Barr virus),3,,,,B*44:03,Not restricted,EBV,SARS-CoV-2,majority_pathogen
321,270,28,4,0,9,5,SARS-CoV-2,0.5555555555555556,T CD4 CTL,0.5,0.03571428571428571,0.14285714285714285,NLVPMVATV,Human herpesvirus 5 (Human cytomegalovirus),1,,,,Not restricted,DRB1*15:01,CMV,CMV,vdjdb
322,234,28,3,0,9,6,SARS-CoV-2,0.7,T CD8 EM,0.2857142857142857,0.0,0.0,MIELSLIDFYLCFLAFLLFLVLIML,SARS-CoV2,2,,,,Not restricted,Not restricted,SARS-CoV-2,SARS-CoV-2,vdjdb
323,523,28,3,13,5,4,Dengue_virus,0.5,T CD8 EF,0.42857142857142855,0.0,0.0,FLRGRAYGL,Human herpesvirus 4 (Epstein Barr virus),2,NLVPMVATV,CMV,1.0,A*02:01,Not restricted,EBV,CMV,beam
324,340,28,1,2,7,4,SARS-CoV-2,0.625,T CD8 EM,0.5833333333333334,0.0,0.125,VLLSVLQQL,SARS coronavirus Urbani (SARS-CoV (Urbani strain)),1,BRLF1,EBV,0.5,C*02:02,Not restricted,SARS-CoV-1,EBV,beam
325,1034,28,1,0,4,3,SARS-CoV-2,0.75,T CD8 EF,0.8928571428571429,0.0,0.0,,,,,,,Not restricted,Not restricted,,SARS-CoV-2,majority_pathogen
328,677,27,5,0,4,2,HIV,0.6,T CD4 CTL,0.6666666666666666,0.037037037037037035,0.0,,,,,,,Multiple,Multiple,,,
329,282,27,4,0,6,5,SARS-CoV-2,1.0,T CD4 CM,0.7777777777777778,0.037037037037037035,0.0,EEHVQIHTI,SARS-CoV2,1,,,,Multiple,Multiple,SARS-CoV-2,SARS-CoV-2,majority_pathogen
330,308,27,4,0,5,2,SARS-CoV-2,1.0,T CD8 EF,0.7037037037037037,0.0,0.0,,,,,,,A*33:03,Not restricted,,SARS-CoV-2,majority_pathogen
332,284,27,2,0,9,2,SARS-CoV-2,0.8888888888888888,T CD8 EF,0.48148148148148145,0.1111111111111111,0.1111111111111111,,,,,,,Not restricted,Not restricted,,SARS-CoV-2,majority_pathogen
334,1266,27,1,0,4,1,SARS-CoV-2,1.0,T CD8 EF,0.5555555555555556,0.1111111111111111,0.0,,,,,,,Not restricted,Not restricted,,SARS-CoV-2,majority_pathogen
335,1275,27,1,0,4,1,SARS-CoV-2,1.0,T CD8 EF,0.8518518518518519,0.037037037037037035,0.0,,,,,,,Not restricted,Not restricted,,SARS-CoV-2,majority_pathogen
336,83,26,13,0,15,7,SARS-CoV-2,1.0,T CD4 CM,0.6153846153846154,0.0,0.0,QEVFAQVKQIYK,SARS-CoV2,1,,,,Not restricted,Not restricted,SARS-CoV-2,SARS-CoV-2,majority_pathogen
339,554,26,2,0,5,2,SARS-CoV-2,1.0,T CD8 EF,0.8076923076923077,0.07692307692307693,0.0,,,,,,,Not restricted,Not restricted,,SARS-CoV-2,majority_pathogen
343,87,25,10,0,17,5,SARS-CoV-2,1.0,T CD4 CM,0.52,0.0,0.0,IAQYTSALL,SARS-CoV2,8,,,,Not restricted,Not restricted,SARS-CoV-2,SARS-CoV-2,majority_pathogen
344,135,25,10,13,7,5,Influenza_CMV_EBV,0.5,T CD4 CM,0.36,0.0,0.0,GILGFVFTL,Influenza A virus,1,GILGFVFTL,Influenza,1.0,A*02:01,Not restricted,Influenza,Influenza,beam
347,561,25,2,0,5,3,SARS-CoV-2,0.5,T CD8 EX,0.44,0.0,0.0,,,,,,,C*01:02,Multiple,,,
348,568,25,1,0,6,1,SARS-CoV-2,1.0,T CD8 EF,0.84,0.04,0.0,,,,,,,Not restricted,Not restricted,,SARS-CoV-2,majority_pathogen
351,307,24,8,0,7,5,,0.0,T CD4 CTL,0.4583333333333333,0.041666666666666664,0.0,,,,,,,Not restricted,DRB1*15:02,,,
354,121,24,6,0,14,6,SARS-CoV-2,0.6666666666666666,T CD4 CM,0.6666666666666666,0.0,0.08333333333333333,APHGVVFLHVTYV,Human herpesvirus 4 (Epstein Barr virus),4,,,,Not restricted,DRB1*15:01,EBV,EBV,vdjdb
359,824,24,3,0,4,3,SARS-CoV-2,0.8,T CD4 CTL,0.75,0.0,0.0,MIELSLIDFYLCFLAFLLFLVLIML,SARS-CoV2,1,,,,Not restricted,DPA1*01:03-DPB1*04:01,SARS-CoV-2,SARS-CoV-2,majority_pathogen
360,439,24,2,5,5,3,SARS-CoV-2,0.5,T CD8 EM,0.75,0.0,0.14285714285714285,LPRRSGAAGA,Influenza A virus,1,IE62,VZV,1.0,Multiple,Multiple,Influenza,VZV,beam
362,119,23,18,0,17,6,SARS-CoV-2,0.4444444444444444,T CD4 CM,0.8260869565217391,0.0,0.13333333333333333,KLGGALQAK,Human herpesvirus 5 (Human cytomegalovirus),3,,,,Not restricted,Not restricted,CMV,CMV,vdjdb
363,96,23,14,4,11,6,EBV_VZV,0.5238095238095238,T CD8 EM,0.42857142857142855,0.043478260869565216,0.07692307692307693,QLMCQPILLL,SARS-CoV2,10,BMLF1,EBV,0.25,A*02:01,Not restricted,SARS-CoV-2,EBV,beam
364,127,23,11,0,10,5,SARS-CoV-2,1.0,T CD4 CM,0.5652173913043478,0.0,0.0,,,,,,,Not restricted,Not restricted,,SARS-CoV-2,majority_pathogen
367,765,23,3,0,4,2,SARS-CoV-2,0.8,T CD8 EF,0.6956521739130435,0.0,0.0,,,,,,,B*44:03,Multiple,,SARS-CoV-2,majority_pathogen
369,967,23,3,1,4,4,SARS-CoV-2,0.75,T CD8 EF,0.9130434782608695,0.0,0.0,,,,IVTDFSVIK,EBV,1.0,A*11:01,Not restricted,,EBV,beam
370,1208,23,3,0,4,4,SARS-CoV-2,0.5,T CD4 CTL,0.6956521739130435,0.043478260869565216,0.0,STLPETAVVRR,Hepatitis B virus (Human hepatitis B virus),1,,,,Multiple,Multiple,,,
371,331,23,2,0,6,5,SARS-CoV-2,0.75,T CD8 EF,0.6521739130434783,0.043478260869565216,0.0,,,,,,,B*44:03,Not restricted,,SARS-CoV-2,majority_pathogen
373,111,22,15,0,13,8,,0.0,T CD4 CM,0.6363636363636364,0.0,0.1,FLNGSCGSV,SARS-CoV2,3,,,,A*02:01,Multiple,SARS-CoV-2,SARS-CoV-2,vdjdb
376,417,22,3,0,6,4,SARS-CoV-2,0.5714285714285714,T CD8 EF,0.6818181818181818,0.0,0.0,,,,,,,Not restricted,Not restricted,,,
378,113,21,16,0,11,4,SARS-CoV-2,1.0,T CD4 CM,0.38095238095238093,0.047619047619047616,0.0,FLNGSCGSV,SARS-CoV2,6,,,,Not restricted,Not restricted,SARS-CoV-2,SARS-CoV-2,majority_pathogen
379,134,21,8,0,7,6,SARS-CoV-2,0.375,T CD8 EF,0.38095238095238093,0.0,0.14285714285714285,GLCTLVAML,SARS-CoV2,5,,,,C*04:01,Not restricted,SARS-CoV-2,SARS-CoV-2,vdjdb
380,196,21,6,0,10,2,SARS-CoV-2,1.0,T CD8 Activated,0.5714285714285714,0.0,0.0,HTTDPSFLGRY,SARS-CoV2,1,,,,A*01:01,Not restricted,SARS-CoV-2,SARS-CoV-2,majority_pathogen
382,322,21,6,0,5,2,SARS-CoV-2,0.875,T CD8 RM,0.5,0.0,0.16666666666666666,VQPTESIVRFPNITNLCPF,SARS-CoV2,3,,,,A*02:01,Not restricted,SARS-CoV-2,SARS-CoV-2,majority_pathogen
383,145,21,5,0,13,8,SARS-CoV-2,0.6,T CD4 CM,0.8095238095238095,0.0,0.0,LLWNGPMAV,Yellow fever virus 17D (Yellow fever virus (STRAIN 17D)),2,,,,Not restricted,DRB1*07:01,Yellow fever,Yellow fever,vdjdb
384,285,21,3,0,7,5,HIV,0.4444444444444444,T CD8 EF,0.38095238095238093,0.0,0.16666666666666666,,,,,,,Multiple,DPA1*01:03-DPB1*02:01,,,
385,526,21,3,0,4,1,SARS-CoV-2,1.0,T CD4 Activated CTL,0.3333333333333333,0.0,0.0,,,,,,,Not restricted,Multiple,,SARS-CoV-2,majority_pathogen
386,605,21,3,0,5,3,SARS-CoV-2,1.0,T CD4 CM,0.7142857142857143,0.0,0.0,YLQPRTFLL,SARS-CoV2,1,,,,Not restricted,Multiple,SARS-CoV-2,SARS-CoV-2,majority_pathogen
387,1235,21,1,0,4,1,SARS-CoV-2,1.0,T CD8 EF,0.7619047619047619,0.047619047619047616,0.0,,,,,,,Not restricted,Not restricted,,SARS-CoV-2,majority_pathogen
388,139,20,12,0,8,5,SARS-CoV-2,1.0,T CD8 Activated,0.55,0.0,0.0,LLWNGPMAV,SARS-CoV2,5,,,,B*44:03,Not restricted,SARS-CoV-2,SARS-CoV-2,majority_pathogen
390,500,20,6,0,4,2,SARS-CoV-2,0.6666666666666666,T CD8 EF,0.75,0.0,0.0,FVDGVPFVV,SARS-CoV2,4,,,,Multiple,Multiple,SARS-CoV-2,SARS-CoV-2,vdjdb
391,403,20,5,15,7,5,SARS-CoV-2,0.42857142857142855,T CD8 EM,0.4,0.0,0.0,YVLDHLIVV,Human herpesvirus 4 (Epstein Barr virus),1,BRLF1,EBV,1.0,Multiple,Not restricted,EBV,EBV,beam
392,680,20,5,0,5,4,,0.0,T CD8 EM,0.5,0.0,0.0,STLPETAVVRR,Hepatitis B virus (Human hepatitis B virus),1,,,,Multiple,Not restricted,,,
393,719,20,4,0,5,3,SARS-CoV-2,0.6,T CD8 EF,0.6,0.0,0.0,VQELYSPIFLIV,SARS-CoV2,1,,,,Not restricted,DPA1*02:02-DPB1*04:01,SARS-CoV-2,SARS-CoV-2,vdjdb
394,934,20,4,0,4,4,SARS-CoV-2,0.5,T CD8 EF,0.6,0.0,0.0,LITGRLQSLQTYV,SARS-CoV2,3,,,,Multiple,Multiple,SARS-CoV-2,SARS-CoV-2,vdjdb
396,833,20,1,0,5,1,SARS-CoV-2,1.0,T CD8 EF,0.6,0.15,0.0,,,,,,,Not restricted,Not restricted,,SARS-CoV-2,majority_pathogen
398,133,19,16,0,13,6,SARS-CoV-2,1.0,T CD4 CM,0.6842105263157895,0.0,0.0,TFEYVSQPFLMDLE,SARS-CoV2,2,,,,Not restricted,Not restricted,SARS-CoV-2,SARS-CoV-2,majority_pathogen
400,212,19,8,0,8,6,SARS-CoV-2,0.7,T CD8 EM,0.3333333333333333,0.05263157894736842,0.0,GLEAPFLYLYALVYFLQSINFVRIIMR,SARS-CoV2,3,,,,Multiple,Not restricted,SARS-CoV-2,SARS-CoV-2,vdjdb
401,325,19,8,2,7,4,SARS-CoV-2,0.5,T CD8 EF,0.5833333333333334,0.0,0.0,,,,BMLF1,EBV,0.5,Not restricted,Not restricted,,EBV,beam
402,429,19,4,0,7,4,SARS-CoV-2,0.5714285714285714,T CD8 SLEX,0.42105263157894735,0.05263157894736842,0.0,AYKTFPPTEPK,SARS-CoV2,1,,,,A*11:01,Not restricted,SARS-CoV-2,SARS-CoV-2,vdjdb
406,814,19,1,2,4,3,EBV_VZV,0.6,T CD8 EM,0.6,0.0,0.0,ALRKVPTDNYITTY,SARS-CoV2,1,BMLF1,EBV,0.5,Not restricted,Not restricted,SARS-CoV-2,EBV,beam
407,832,19,1,0,5,1,SARS-CoV-2,1.0,T CD8 EF,0.631578947368421,0.15789473684210525,0.0,,,,,,,Not restricted,Not restricted,,SARS-CoV-2,majority_pathogen
411,296,18,6,0,8,6,,0.0,T CD8 EF,0.4444444444444444,0.0,0.0,,,,,,,A*02:01,Not restricted,,,
412,505,18,5,0,4,2,SARS-CoV-2,0.5,T CD8 EF,0.9444444444444444,0.05555555555555555,0.0,ILHCANFNV,SARS-CoV2,2,,,,B*40:06,DPA1*01:03-DPB1*04:01,SARS-CoV-2,SARS-CoV-2,vdjdb
414,1040,18,3,0,4,3,SARS-CoV-2,0.5,T CD8 EF,0.5555555555555556,0.0,0.0,,,,,,,Multiple,Not restricted,,,
416,1125,18,2,0,4,4,SARS-CoV-2,0.75,T CD8 EF,0.5555555555555556,0.0,0.0,,,,,,,Not restricted,Not restricted,,SARS-CoV-2,majority_pathogen
417,571,18,1,0,6,1,SARS-CoV-2,0.8333333333333334,T CD8 EF,0.6111111111111112,0.1111111111111111,0.16666666666666666,,,,,,,Not restricted,Not restricted,,SARS-CoV-2,majority_pathogen
418,572,18,1,0,6,1,SARS-CoV-2,1.0,T CD8 EF,0.7777777777777778,0.0,0.0,VQELYSPIFLIV,SARS-CoV2,1,,,,Not restricted,Not restricted,SARS-CoV-2,SARS-CoV-2,majority_pathogen
421,1252,18,1,0,4,1,SARS-CoV-2,1.0,T CD8 CM,0.7222222222222222,0.05555555555555555,0.0,,,,,,,Not restricted,Not restricted,,SARS-CoV-2,majority_pathogen
422,125,17,13,0,16,8,SARS-CoV-2,0.5882352941176471,T CD4 CM,0.7058823529411765,0.11764705882352941,0.07142857142857142,,,,,,,Not restricted,Not restricted,,,
424,289,17,7,2,7,2,EBV_VZV,0.6666666666666666,T CD8 EM,1.0,0.0,0.125,KLGGALQAK,Human herpesvirus 4 (Epstein Barr virus),3,EBNA1,EBV,0.5,Not restricted,Not restricted,EBV,EBV,beam
425,189,17,6,0,5,4,EBV_VZV,0.5454545454545454,T CD8 EM,0.8,0.0,0.0,KLGGALQAK,Human herpesvirus 5 strain AD169 (Human cytomegalovirus (strain AD169)),5,,,,Multiple,DPA1*01:03-DPB1*04:01,CMV,CMV,vdjdb
427,265,17,5,0,8,4,SARS-CoV-2,0.4444444444444444,T CD4 CTL,0.47058823529411764,0.11764705882352941,0.14285714285714285,,,,,,,Not restricted,Not restricted,,,
430,771,17,4,0,5,3,SARS-CoV-2,0.8,T CD8 EF,0.7058823529411765,0.0,0.0,FLWLLWPVTLACFVLAAV,SARS-CoV2,1,,,,Not restricted,Not restricted,SARS-CoV-2,SARS-CoV-2,majority_pathogen
433,402,17,2,2,6,3,EBV_VZV,0.5714285714285714,T CD8 CM,0.5,0.0,0.0,KLGGALQAK,Human herpesvirus 5 strain AD169 (Human cytomegalovirus (strain AD169)),1,EBNA1,EBV,0.5,C*04:01,Not restricted,CMV,EBV,beam
434,747,17,2,0,5,3,SARS-CoV-2,0.8,T CD8 EM,0.5294117647058824,0.0,0.0,,,,,,,Not restricted,Not restricted,,SARS-CoV-2,majority_pathogen
435,1112,17,2,0,4,2,SARS-CoV-2,0.5,T CD8 EF,0.7058823529411765,0.058823529411764705,0.0,,,,,,,Multiple,Multiple,,,
436,144,17,1,2,15,7,SARS-CoV-2,0.5333333333333333,T CD8 EM,0.46153846153846156,0.0,0.0,,,,EBNA1,EBV,0.5,Not restricted,Not restricted,,EBV,beam
437,339,17,1,0,8,5,SARS-CoV-2,0.375,T CD8 EF,0.6666666666666666,0.0,0.125,KLGGALQAK,Human herpesvirus 5 strain AD169 (Human cytomegalovirus (strain AD169)),1,,,,Multiple,Multiple,CMV,CMV,vdjdb
438,836,17,1,0,5,1,SARS-CoV-2,1.0,T CD8 EF,0.8823529411764706,0.0,0.0,RLNQLESKM,SARS-CoV2,1,,,,Not restricted,Not restricted,SARS-CoV-2,SARS-CoV-2,majority_pathogen
440,1249,17,1,0,4,1,SARS-CoV-2,1.0,T CD8 EF,0.9411764705882353,0.058823529411764705,0.0,,,,,,,Not restricted,Not restricted,,SARS-CoV-2,majority_pathogen
441,199,16,9,4,5,4,Influenza_CMV_EBV,0.2727272727272727,T CD8 EM,0.42857142857142855,0.0,0.0,GILGFVFTL,Influenza A virus,2,AVFDRKSDAK,EBV,0.25,A*11:01,Not restricted,Influenza,EBV,beam
443,249,16,7,0,7,2,SARS-CoV-2,0.8888888888888888,T CD8 Activated,0.8125,0.0625,0.14285714285714285,HTTDPSFLGRY,SARS-CoV2,1,,,,A*01:01,Not restricted,SARS-CoV-2,SARS-CoV-2,majority_pathogen
444,259,16,6,1,8,5,SARS-CoV-2,0.7777777777777778,T CD8 EM,0.5,0.0,0.0,NLVPMVATV,Human herpesvirus 5 (Human cytomegalovirus),1,BMRF1,EBV,1.0,B*35:01,Not restricted,CMV,EBV,beam
445,497,16,6,0,4,2,SARS-CoV-2,0.6666666666666666,T CD8 EF,0.5625,0.0,0.0,,,,,,,B*15:11,DPA1*02:02-DPB1*05:01,,,
447,391,16,5,0,6,4,SARS-CoV-2,0.5714285714285714,T CD4 CTL,0.5625,0.0,0.16666666666666666,,,,,,,Not restricted,Not restricted,,,
448,472,16,5,0,5,5,SARS-CoV-2,0.8333333333333334,T CD8 EM,0.375,0.0,0.0,,,,,,,Multiple,DPA1*01:03-DPB1*04:01,,SARS-CoV-2,majority_pathogen
449,708,16,5,1,5,5,SARS-CoV-2,0.4,T CD8 EM,0.625,0.0,0.0,IVTDFSVIK,Human herpesvirus 4 (Epstein Barr virus),1,IVTDFSVIK,EBV,1.0,A*11:01,Not restricted,EBV,EBV,beam
450,153,16,4,0,12,5,SARS-CoV-2,1.0,T CD4 CM,0.375,0.0,0.0,LLQYGSF,SARS-CoV2,1,,,,Not restricted,Not restricted,SARS-CoV-2,SARS-CoV-2,majority_pathogen
451,559,16,4,0,6,4,SARS-CoV-2,0.6666666666666666,T CD4 CTL,0.4375,0.0,0.0,,,,,,,Not restricted,Not restricted,,,
452,608,16,4,0,4,2,SARS-CoV-2,0.8,T CD8 EF,0.8125,0.0,0.0,,,,,,,A*01:01,Not restricted,,SARS-CoV-2,majority_pathogen
454,200,16,3,0,9,6,,0.0,T CD8 EF,0.625,0.0,0.16666666666666666,VTEHDTLLY,Human herpesvirus 5 (Human cytomegalovirus),1,,,,A*01:01,Not restricted,CMV,CMV,vdjdb
455,333,16,3,0,7,6,SARS-CoV-2,0.875,T CD8 EF,0.5625,0.0,0.0,ALWEIQQVV,Human herpesvirus 4 (Epstein Barr virus),3,,,,C*04:01,Not restricted,EBV,SARS-CoV-2,majority_pathogen
456,345,16,3,0,6,3,HBV,0.375,T CD8 EF,0.5,0.0,0.16666666666666666,FVDGVPFVV,SARS-CoV2,2,,,,Multiple,Multiple,SARS-CoV-2,SARS-CoV-2,vdjdb
457,416,16,3,0,5,4,SARS-CoV-2,1.0,T CD4 CM,0.5,0.0,0.0,,,,,,,Not restricted,Multiple,,SARS-CoV-2,majority_pathogen
458,849,16,1,0,5,1,SARS-CoV-2,1.0,T CD8 EF,0.9375,0.0625,0.0,,,,,,,Not restricted,Not restricted,,SARS-CoV-2,majority_pathogen
460,1272,16,1,0,4,1,SARS-CoV-2,1.0,T CD8 EF,0.625,0.1875,0.0,,,,,,,Not restricted,Not restricted,,SARS-CoV-2,majority_pathogen
462,295,15,8,0,6,4,SARS-CoV-2,0.625,T CD8 EM,0.42857142857142855,0.0,0.0,ALRKVPTDNYITTY,Human herpesvirus 5 (Human cytomegalovirus),2,,,,Multiple,DPA1*01:03-DPB1*04:01,CMV,CMV,vdjdb
463,215,15,7,0,7,5,,0.0,T CD4 CM,0.6666666666666666,0.0,0.0,,,,,,,Not restricted,Not restricted,,,
464,209,15,6,1,8,6,HIV,0.45454545454545453,T CD8 EM,0.5,0.0,0.1111111111111111,KLGGALQAK,Human herpesvirus 5 strain AD169 (Human cytomegalovirus (strain AD169)),3,LMP1,EBV,1.0,Not restricted,Not restricted,CMV,EBV,beam
466,278,15,5,0,7,2,SARS-CoV-2,1.0,T CD4 CM,0.3333333333333333,0.0,0.0,SEHDYQIGGYTEKW,SARS-CoV2,1,,,,Not restricted,Not restricted,SARS-CoV-2,SARS-CoV-2,majority_pathogen
469,823,15,5,5,5,4,Influenza_CMV_EBV,0.2,T CD8 EM,0.5,0.0,0.0,GILGFVFTL,Influenza A virus,1,IE62,VZV,0.8,A*02:01,Not restricted,Influenza,VZV,beam
470,330,15,4,0,7,4,SARS-CoV-2,1.0,T CD4 CM,0.6666666666666666,0.06666666666666667,0.0,APKEIIFLEGETL,SARS-CoV2,3,,,,Not restricted,Not restricted,SARS-CoV-2,SARS-CoV-2,majority_pathogen
471,372,15,4,0,6,3,EBV_VZV,0.5714285714285714,T CD8 EF,0.375,0.0,0.0,KLGGALQAK,Human herpesvirus 5 strain AD169 (Human cytomegalovirus (strain AD169)),3,,,,A*02:01,Not restricted,CMV,CMV,vdjdb
472,273,15,3,0,8,6,SARS-CoV-2,0.6666666666666666,T CD8 CM,0.6363636363636364,0.0,0.0,GLEAPFLYLYALVYFLQSINFVRIIMR,SARS-CoV2,2,,,,Not restricted,Not restricted,SARS-CoV-2,SARS-CoV-2,vdjdb
475,1237,15,2,0,4,2,SARS-CoV-2,0.75,T CD8 EF,0.3333333333333333,0.0,0.0,,,,,,,Not restricted,Not restricted,,SARS-CoV-2,majority_pathogen
477,152,14,10,5,10,7,Influenza_CMV_EBV,0.42857142857142855,T CD4 CM,0.4166666666666667,0.0,0.1111111111111111,GILGFVFTL,Influenza A virus,2,GILGFVFTL,Influenza,1.0,A*02:01,Not restricted,Influenza,Influenza,beam
478,194,14,9,0,9,7,HIV,0.36363636363636365,T CD4 CM,0.8571428571428571,0.07142857142857142,0.1111111111111111,MIELSLIDFYLCFLAFLLFLVLIML,SARS-CoV2,5,,,,Not restricted,Not restricted,SARS-CoV-2,SARS-CoV-2,vdjdb
479,229,14,9,0,9,5,EBV_VZV,0.5,T CD8 CM,0.7777777777777778,0.07142857142857142,0.1111111111111111,,,,,,,Multiple,Multiple,,,
480,255,14,9,0,7,6,SARS-CoV-2,0.6666666666666666,T CD8 EF,0.35714285714285715,0.0,0.14285714285714285,IPIQASLPF,SARS-CoV2,1,,,,A*03:01,Not restricted,SARS-CoV-2,SARS-CoV-2,vdjdb
483,269,14,7,0,4,3,SARS-CoV-2,1.0,T CD4 Activated,0.42857142857142855,0.0,0.0,,,,,,,A*24:02,DQA1*01:02-DQB1*05:02,,SARS-CoV-2,majority_pathogen
484,448,14,5,1,6,5,SARS-CoV-2,0.5,T CD8 EM,0.6,0.0,0.16666666666666666,,,,BMLF1,EBV,1.0,B*07:02,Multiple,,EBV,beam
485,555,14,4,0,5,3,SARS-CoV-2,1.0,T CD8 EF,0.8571428571428571,0.0,0.0,GILGFVFTL,Influenza A virus,1,,,,Not restricted,Not restricted,Influenza,SARS-CoV-2,majority_pathogen
487,974,14,4,2,4,4,SARS-CoV-2,0.5,T CD8 EF,0.5,0.0,0.0,AYSNNSIAIPTNFTISV,SARS-CoV2,1,EBNA1,EBV,0.5,Not restricted,Not restricted,SARS-CoV-2,EBV,beam
490,513,14,3,0,4,3,Influenza_CMV_EBV,0.5,T CD8 EF,0.42857142857142855,0.0,0.0,CRVLCCYVL,Human herpesvirus 5 (Human cytomegalovirus),1,,,,Multiple,Not restricted,CMV,CMV,vdjdb
491,800,14,3,0,4,2,EBV_VZV,0.8,T CD8 PEX,0.5,0.0,0.0,GLPWNVVRI,SARS-CoV2,1,,,,Not restricted,Not restricted,SARS-CoV-2,SARS-CoV-2,vdjdb
492,888,14,3,0,4,3,SARS-CoV-2,0.5,T CD4 CM,0.5714285714285714,0.0,0.0,,,,,,,Multiple,Multiple,,,
493,1041,14,3,0,4,4,,0.0,T CD8 EF,0.6428571428571429,0.0,0.0,CRVLCCYVL,Human herpesvirus 5 (Human cytomegalovirus),2,,,,C*07:02,Not restricted,CMV,CMV,vdjdb
494,757,14,2,0,5,6,SARS-CoV-2,0.4,T CD4 CTL,0.42857142857142855,0.07142857142857142,0.0,AVFDRKSDAK,Human herpesvirus 4 (Epstein Barr virus),1,,,,B*44:03,Multiple,EBV,EBV,vdjdb
495,1055,14,2,0,4,3,SARS-CoV-2,1.0,T CD8 EF,0.5,0.0,0.0,,,,,,,B*07:02,DRB1*15:01,,SARS-CoV-2,majority_pathogen
499,213,13,9,2,8,4,EBV_VZV,0.3,T CD8 EM,0.3333333333333333,0.07692307692307693,0.1111111111111111,IMLIIFWFSL,SARS-CoV2,3,BMLF1,EBV,0.5,Multiple,Multiple,SARS-CoV-2,EBV,beam
503,422,13,3,0,6,4,SARS-CoV-2,0.8571428571428571,T CD8 EF,0.7692307692307693,0.07692307692307693,0.0,IMLIIFWFSL,SARS-CoV2,1,,,,Multiple,Not restricted,SARS-CoV-2,SARS-CoV-2,majority_pathogen
505,982,13,2,0,4,4,SARS-CoV-2,0.75,T CD4 CM,0.5384615384615384,0.0,0.0,,,,,,,A*26:01,Multiple,,SARS-CoV-2,majority_pathogen
506,1035,13,2,7,4,3,EBV,0.5,T CD8 EM,0.6363636363636364,0.0,0.0,GLCTLVAML,Human herpesvirus 4 (Epstein Barr virus),1,GLCTLVAML,EBV,0.7142857142857143,A*02:01,Not restricted,EBV,EBV,beam
507,984,13,1,0,4,4,SARS-CoV-2,0.5,T CD8 EF,0.38461538461538464,0.0,0.0,TAAQAAVVRFQEAAN,Mycobacterium tuberculosis H37Rv (Mycobacterium tuberculosis str. H37Rv),1,,,,A*11:01,Not restricted,Tuberculosis,Tuberculosis,vdjdb
509,178,12,10,0,8,4,SARS-CoV-2,1.0,T CD4 CM,0.75,0.0,0.0,,,,,,,Not restricted,DRB1*07:01,,SARS-CoV-2,majority_pathogen
510,191,12,9,0,8,2,SARS-CoV-2,1.0,T CD4 CM,0.4166666666666667,0.08333333333333333,0.0,FGEVFNATRFASVY,SARS-CoV2,1,,,,Not restricted,Multiple,SARS-CoV-2,SARS-CoV-2,majority_pathogen
511,192,12,8,0,8,6,SARS-CoV-2,0.45454545454545453,T CD4 CM,1.0,0.0,0.14285714285714285,LSLRNPILV,Influenza A virus (A/Puerto Rico/8/1934(H1N1)) (Influenza A virus (A/PR 8/34 (H1N1))),1,,,,Not restricted,Not restricted,Influenza,Influenza,vdjdb
512,369,12,7,8,7,4,EBV,0.5714285714285714,T CD8 EM,0.75,0.0,0.0,YVLDHLIVV,Human herpesvirus 4 (Epstein Barr virus),1,BRLF1,EBV,1.0,A*02:01,Not restricted,EBV,EBV,beam
513,202,12,6,0,10,5,SARS-CoV-2,0.8181818181818182,T CD4 CM,0.8333333333333334,0.16666666666666666,0.0,AEIRASANLAATK,SARS-CoV2,6,,,,Not restricted,Not restricted,SARS-CoV-2,SARS-CoV-2,majority_pathogen
514,218,12,6,0,9,3,SARS-CoV-2,0.9,T CD4 CM,0.6666666666666666,0.0,0.0,GMEVTPSGTWLTY,SARS-CoV2,3,,,,Not restricted,Not restricted,SARS-CoV-2,SARS-CoV-2,majority_pathogen
515,271,12,6,0,7,6,SARS-CoV-2,0.3333333333333333,T CD4 CM,0.5,0.0,0.16666666666666666,GILGFVFTL,Human herpesvirus 5 strain AD169 (Human cytomegalovirus (strain AD169)),3,,,,Multiple,Multiple,CMV,CMV,vdjdb
516,381,12,6,0,5,4,SARS-CoV-2,1.0,T CD4 CM,0.6666666666666666,0.0,0.0,RTQSPRRR,Hepatitis B virus (Human hepatitis B virus),5,,,,Not restricted,Not restricted,,SARS-CoV-2,majority_pathogen
518,469,12,6,0,6,5,SARS-CoV-2,0.6666666666666666,T CD4 CTL,0.4166666666666667,0.08333333333333333,0.0,HTTDPSFLGRY,SARS-CoV2,2,,,,A*11:01,Not restricted,SARS-CoV-2,SARS-CoV-2,vdjdb
519,314,12,5,0,6,6,SARS-CoV-2,0.875,T CD8 EF,0.6666666666666666,0.0,0.16666666666666666,APHGVVFLHVTYV,Hepatitis B virus (Human hepatitis B virus),2,,,,Not restricted,Not restricted,,SARS-CoV-2,majority_pathogen
520,383,12,5,2,5,5,SARS-CoV-2,0.5714285714285714,T CD8 EF,0.5,0.0,0.0,,,,EBNA1,EBV,1.0,A*01:01,DPA1*01:03-DPB1*04:01,,EBV,beam
521,409,12,5,2,6,5,SARS-CoV-2,0.42857142857142855,T CD8 EM,0.75,0.0,0.0,LVVDFSQFSR,SARS-CoV2,3,IE62,VZV,1.0,Not restricted,Not restricted,SARS-CoV-2,VZV,beam
522,208,12,4,0,7,3,SARS-CoV-2,1.0,T CD8 Activated,0.5,0.0,0.0,ILSRLDKVEAEVQIDRLITGRLQSLQTYVTQQLIRAAEIRASA,SARS-CoV2,2,,,,B*40:01,Not restricted,SARS-CoV-2,SARS-CoV-2,majority_pathogen
523,459,12,4,0,6,3,SARS-CoV-2,0.5,T CD4 CTL,0.5833333333333334,0.0,0.16666666666666666,,,,,,,Not restricted,Not restricted,,,
525,525,12,4,0,5,3,EBV_VZV,0.5,T CD8 EM,0.6666666666666666,0.0,0.0,,,,,,,Multiple,Not restricted,,,
528,908,12,3,0,4,3,,0.0,T CD4 CTL,0.5833333333333334,0.0,0.0,FVDGVPFVV,SARS-CoV2,2,,,,Not restricted,Multiple,SARS-CoV-2,SARS-CoV-2,vdjdb
530,1004,12,3,0,4,3,SARS-CoV-2,0.75,T CD8 EF,0.9166666666666666,0.0,0.0,YVDNSSLTI,SARS-CoV2,1,,,,A*02:01,Multiple,SARS-CoV-2,SARS-CoV-2,majority_pathogen
533,1106,12,2,0,4,3,SARS-CoV-2,0.75,T CD8 EF,0.8333333333333334,0.0,0.0,,,,,,,C*04:01,Not restricted,,SARS-CoV-2,majority_pathogen
535,1260,12,1,0,4,1,SARS-CoV-2,1.0,T CD8 EF,0.4166666666666667,0.08333333333333333,0.0,,,,,,,Not restricted,Not restricted,,SARS-CoV-2,majority_pathogen
537,188,11,10,0,11,7,SARS-CoV-2,0.6363636363636364,T CD8 EM,0.4,0.09090909090909091,0.1,FLWLLWPVTLACFVLAAV,SARS-CoV2,6,,,,A*01:01,Not restricted,SARS-CoV-2,SARS-CoV-2,vdjdb
538,214,11,8,0,7,5,SARS-CoV-2,0.8,T CD4 CM,0.9090909090909091,0.0,0.14285714285714285,,,,,,,Not restricted,Not restricted,,SARS-CoV-2,majority_pathogen
539,303,11,8,0,9,6,SARS-CoV-2,0.5,T CD4 CM,1.0,0.0,0.125,NLNESLIDL,SARS coronavirus BJ01,1,,,,Not restricted,Not restricted,SARS-CoV-1,SARS-CoV-1,vdjdb
540,225,11,7,0,9,2,SARS-CoV-2,0.6,T CD4 CM,1.0,0.0,0.14285714285714285,KLGGALQAK,Human herpesvirus 5 (Human cytomegalovirus),2,,,,Not restricted,Not restricted,CMV,CMV,vdjdb
544,227,11,5,0,10,5,SARS-CoV-2,0.7,T CD4 CM,0.7272727272727273,0.18181818181818182,0.1111111111111111,FLNGSCGSV,SARS-CoV2,1,,,,Not restricted,Not restricted,SARS-CoV-2,SARS-CoV-2,vdjdb
545,279,11,5,0,4,3,HIV,0.5555555555555556,T CD4 CM,0.5454545454545454,0.0,0.0,PPQIAANRSQLISLV,Mycobacterium tuberculosis,2,,,,Multiple,Multiple,Tuberculosis,Tuberculosis,vdjdb
546,291,11,5,0,6,4,SARS-CoV-2,0.5,T CD4 CM,0.45454545454545453,0.0,0.0,,,,,,,Not restricted,DPA1*01:03-DPB1*02:01,,,
547,329,11,5,0,8,6,SARS-CoV-2,0.75,T CD4 CM,0.7272727272727273,0.0,0.125,,,,,,,Not restricted,Not restricted,,SARS-CoV-2,majority_pathogen
549,465,11,5,0,4,3,SARS-CoV-2,1.0,T CD4 Activated CTL,0.36363636363636365,0.0,0.0,LLLDDFVEII,SARS-CoV2,3,,,,Multiple,Multiple,SARS-CoV-2,SARS-CoV-2,majority_pathogen
550,486,11,5,3,5,4,SARS-CoV-2,0.5,T CD8 CM,0.4,0.0,0.0,HTTDPSFLGRY,SARS-CoV2,2,IE62,VZV,0.6666666666666666,Not restricted,Not restricted,SARS-CoV-2,VZV,beam
553,679,11,5,0,5,3,SARS-CoV-2,0.6,T CD8 EF,0.5454545454545454,0.0,0.0,GTHWFVTQR,SARS-CoV2,4,,,,Not restricted,Multiple,SARS-CoV-2,SARS-CoV-2,vdjdb
554,380,11,4,8,6,3,EBV,0.5714285714285714,T CD8 CM,0.6666666666666666,0.0,0.0,KLSYGIATV,SARS-CoV2,1,LMP1,EBV,1.0,Multiple,Not restricted,SARS-CoV-2,EBV,beam
557,784,11,3,0,5,4,SARS-CoV-2,0.8,T CD8 EF,0.45454545454545453,0.0,0.0,NLVPMVATV,Human herpesvirus 5 (Human cytomegalovirus),1,,,,C*04:01,Not restricted,CMV,SARS-CoV-2,majority_pathogen
558,874,11,3,1,4,3,SARS-CoV-2,0.5,T CD8 EF,0.3333333333333333,0.09090909090909091,0.0,,,,BMLF1,EBV,1.0,Multiple,DPA1*01:03-DPB1*04:01,,EBV,beam
567,1274,11,1,0,4,1,SARS-CoV-2,1.0,T CD8 EF,0.7272727272727273,0.09090909090909091,0.0,,,,,,,Not restricted,Not restricted,,SARS-CoV-2,majority_pathogen
568,217,10,9,0,9,3,SARS-CoV-2,1.0,T CD4 CM,0.3,0.0,0.0,ALWEIQQVV,SARS-CoV2,5,,,,Not restricted,Not restricted,SARS-CoV-2,SARS-CoV-2,majority_pathogen
569,244,10,9,0,6,4,SARS-CoV-2,0.6666666666666666,T CD8 EF,0.4,0.0,0.0,,,,,,,C*07:02,Not restricted,,,
570,261,10,9,0,9,5,SARS-CoV-2,1.0,T CD4 CM,0.4,0.1,0.0,TFEYVSQPFLMDLE,SARS-CoV2,2,,,,Not restricted,Not restricted,SARS-CoV-2,SARS-CoV-2,majority_pathogen
572,268,10,7,0,7,4,SARS-CoV-2,1.0,T CD4 CM,0.7,0.0,0.0,,,,,,,Not restricted,DRB1*07:01,,SARS-CoV-2,majority_pathogen
573,309,10,7,0,7,5,SARS-CoV-2,0.75,T CD4 CM,0.9,0.0,0.14285714285714285,,,,,,,C*07:02,Not restricted,,SARS-CoV-2,majority_pathogen
575,293,10,6,0,8,4,SARS-CoV-2,0.75,T CD4 CM,0.9,0.0,0.0,,,,,,,Not restricted,Not restricted,,SARS-CoV-2,majority_pathogen
576,343,10,5,0,7,5,HBV,0.375,T CD4 CM,0.2,0.1,0.0,MIELSLIDFYLCFLAFLLFLVLIML,SARS-CoV2,1,,,,Not restricted,DQA1*01:03-DQB1*06:01,SARS-CoV-2,SARS-CoV-2,vdjdb
578,479,10,5,0,5,2,SARS-CoV-2,1.0,T CD8 Activated,0.7,0.0,0.0,AYKTFPPTEPK,SARS-CoV2,1,,,,A*11:01,Not restricted,SARS-CoV-2,SARS-CoV-2,majority_pathogen
580,266,10,4,0,9,6,SARS-CoV-2,0.7777777777777778,T CD4 CM,0.8,0.0,0.0,,,,,,,B*08:01,Multiple,,SARS-CoV-2,majority_pathogen
581,546,10,4,3,5,4,SARS-CoV-2,0.3333333333333333,T CD4 CM,0.25,0.1,0.14285714285714285,AVFDRKSDAK,Human herpesvirus 4 (Epstein Barr virus),2,IE62,VZV,0.6666666666666666,Multiple,Not restricted,EBV,VZV,beam
582,609,10,4,0,4,3,SARS-CoV-2,0.4,T CD8 EF,0.8,0.1,0.0,,,,,,,Multiple,DPA1*01:03-DPB1*02:01,,,
583,657,10,4,0,4,3,SARS-CoV-2,1.0,T CD4 CM,0.9,0.0,0.0,YLDAYNMMI,SARS-CoV2,1,,,,Not restricted,DQA1*05:05-DQB1*03:01,SARS-CoV-2,SARS-CoV-2,majority_pathogen
587,927,10,4,0,4,2,SARS-CoV-2,1.0,T CD8 Activated,0.5,0.0,0.0,HTTDPSFLGRY,SARS-CoV2,2,,,,Multiple,Multiple,SARS-CoV-2,SARS-CoV-2,majority_pathogen
592,1062,10,3,0,4,2,SARS-CoV-2,1.0,T CD4 Activated,0.4,0.0,0.0,FLWLLWPVTLACFVLAAV,SARS-CoV2,3,,,,Not restricted,Multiple,SARS-CoV-2,SARS-CoV-2,majority_pathogen
594,1195,10,2,0,4,3,SARS-CoV-2,0.5,T CD4 CM,1.0,0.0,0.0,,,,,,,Multiple,Multiple,,,
595,334,10,1,0,8,6,SARS-CoV-2,0.25,T CD4 CM,0.9,0.1,0.0,TFEYVSQPFLMDLE,SARS-CoV2,1,,,,Not restricted,Not restricted,SARS-CoV-2,SARS-CoV-2,vdjdb
596,1098,10,1,0,4,2,SARS-CoV-2,1.0,T CD8 EF,0.5,0.0,0.0,IMLIIFWFSL,SARS-CoV2,1,,,,Multiple,Multiple,SARS-CoV-2,SARS-CoV-2,majority_pathogen
598,241,9,9,0,7,5,SARS-CoV-2,0.8888888888888888,T CD4 CM,0.5555555555555556,0.0,0.0,GLCTLVAML,Human herpesvirus 4 (Epstein Barr virus),3,,,,Not restricted,DRB1*15:01,EBV,SARS-CoV-2,majority_pathogen
599,254,9,9,0,9,6,SARS-CoV-2,0.6666666666666666,T CD4 CM,0.8888888888888888,0.1111111111111111,0.0,FLWLLWPVTLACFVLAAV,SARS-CoV2,7,,,,Not restricted,Not restricted,SARS-CoV-2,SARS-CoV-2,vdjdb
601,252,9,8,0,9,3,SARS-CoV-2,0.6666666666666666,T CD4 CM,0.8888888888888888,0.1111111111111111,0.1111111111111111,RQLLFVVEV,SARS-CoV2,4,,,,Not restricted,DPA1*02:02-DPB1*05:01,SARS-CoV-2,SARS-CoV-2,vdjdb
603,247,9,7,0,9,5,SARS-CoV-2,0.7777777777777778,T CD4 CM,0.7777777777777778,0.0,0.0,KCYGVSPTK,SARS-CoV2,4,,,,Not restricted,Not restricted,SARS-CoV-2,SARS-CoV-2,majority_pathogen
604,263,9,7,0,8,5,SARS-CoV-2,0.7777777777777778,T CD4 CM,0.8888888888888888,0.1111111111111111,0.14285714285714285,GTHWFVTQR,SARS-CoV2,1,,,,Not restricted,Not restricted,SARS-CoV-2,SARS-CoV-2,majority_pathogen
605,305,9,7,0,8,5,SARS-CoV-2,0.625,T CD4 CM,0.7777777777777778,0.0,0.0,FVCNLLLLFVTVYSHLLLV,SARS-CoV2,3,,,,Not restricted,Not restricted,SARS-CoV-2,SARS-CoV-2,vdjdb
606,389,9,7,0,6,6,SARS-CoV-2,1.0,T CD4 CM,0.7777777777777778,0.0,0.0,,,,,,,Not restricted,DPA1*01:03-DPB1*04:01,,SARS-CoV-2,majority_pathogen
607,311,9,6,0,8,4,SARS-CoV-2,0.625,T CD8 CM,0.5555555555555556,0.0,0.125,,,,,,,Not restricted,Not restricted,,,
608,328,9,6,0,8,5,SARS-CoV-2,1.0,T CD4 Activated,0.5555555555555556,0.0,0.0,TFEYVSQPFLMDLE,SARS-CoV2,4,,,,Not restricted,DPA1*01:03-DPB1*04:01,SARS-CoV-2,SARS-CoV-2,majority_pathogen
610,404,9,6,0,6,5,SARS-CoV-2,0.8571428571428571,T CD4 CM,0.6666666666666666,0.0,0.0,,,,,,,Not restricted,Multiple,,SARS-CoV-2,majority_pathogen
613,267,9,5,0,9,7,SARS-CoV-2,0.5555555555555556,T CD4 CM,0.6666666666666666,0.0,0.0,,,,,,,Not restricted,Not restricted,,,
615,464,9,5,0,5,4,SARS-CoV-2,1.0,T CD8 Activated,0.8888888888888888,0.0,0.0,GILGFVFTL,Human herpesvirus 4 (Epstein Barr virus),3,,,,Not restricted,Not restricted,EBV,SARS-CoV-2,majority_pathogen
620,777,9,5,0,5,5,SARS-CoV-2,0.6,T CD8 EF,0.5,0.0,0.0,,,,,,,Multiple,Multiple,,,
625,977,9,4,0,4,2,SARS-CoV-2,1.0,T CD4 CM,0.5555555555555556,0.0,0.0,,,,,,,Not restricted,DQA1*01:02-DQB1*06:02,,SARS-CoV-2,majority_pathogen
626,1029,9,4,0,4,2,,0.0,T CD4 CM,0.4444444444444444,0.0,0.0,,,,,,,Not restricted,DRB1*15:01,,,
628,246,9,3,0,9,5,SARS-CoV-2,0.8888888888888888,T CD4 CM,0.6666666666666666,0.0,0.0,,,,,,,Not restricted,Not restricted,,SARS-CoV-2,majority_pathogen
630,283,9,3,0,9,5,SARS-CoV-2,0.6666666666666666,T CD4 CM,0.7777777777777778,0.0,0.0,,,,,,,Not restricted,Not restricted,,,
632,419,9,3,0,7,7,SARS-CoV-2,0.5714285714285714,T CD4 CM,0.8888888888888888,0.1111111111111111,0.16666666666666666,,,,,,,Multiple,Multiple,,,
633,522,9,3,2,5,4,Influenza_CMV_EBV,0.5,T CD4 CM,0.75,0.0,0.0,GILGFVFTL,Influenza A virus,1,GILGFVFTL,Influenza,1.0,A*02:01,Not restricted,Influenza,Influenza,beam
634,533,9,3,0,5,2,SARS-CoV-2,0.8333333333333334,T CD4 CM,0.8888888888888888,0.0,0.0,HTTDPSFLGRY,SARS-CoV2,1,,,,Not restricted,Not restricted,SARS-CoV-2,SARS-CoV-2,majority_pathogen
636,626,9,3,1,5,5,Influenza_CMV_EBV,0.2,T CD8 EM,0.4444444444444444,0.0,0.0,KLGGALQAK,Human herpesvirus 5 strain AD169 (Human cytomegalovirus (strain AD169)),2,AVFDRKSDAK,EBV,1.0,A*11:01,Not restricted,CMV,EBV,beam
637,678,9,3,0,5,6,SARS-CoV-2,0.4,T CD4 CM,0.7777777777777778,0.0,0.0,LVVDFSQFSR,Hepatitis B virus (Human hepatitis B virus),1,,,,Multiple,Multiple,,,
639,857,9,3,0,5,3,EBV_VZV,0.6,T CD8 EF,0.75,0.0,0.0,HLRIAGHHLGR,SARS-CoV2,3,,,,Multiple,Multiple,SARS-CoV-2,SARS-CoV-2,vdjdb
640,1179,9,3,0,4,3,SARS-CoV-2,0.5,T CD8 EF,0.6666666666666666,0.0,0.0,AELAKNVSLDNVL,SARS-CoV2,2,,,,C*04:01,Multiple,SARS-CoV-2,SARS-CoV-2,vdjdb
642,763,9,2,0,5,1,SARS-CoV-2,1.0,T CD8 Activated,0.5555555555555556,0.0,0.0,HTTDPSFLGRY,SARS-CoV2,1,,,,A*01:01,Not restricted,SARS-CoV-2,SARS-CoV-2,majority_pathogen
644,549,9,1,0,5,5,SARS-CoV-2,1.0,T CD4 CM,0.5555555555555556,0.0,0.0,,,,,,,Not restricted,DQA1*05:05-DQB1*03:01,,SARS-CoV-2,majority_pathogen
645,573,9,1,0,6,1,SARS-CoV-2,0.8333333333333334,T CD8 EF,0.6666666666666666,0.0,0.16666666666666666,,,,,,,Not restricted,Not restricted,,SARS-CoV-2,majority_pathogen
646,1236,9,1,0,4,1,SARS-CoV-2,1.0,T CD8 EF,0.5555555555555556,0.1111111111111111,0.0,,,,,,,Not restricted,Not restricted,,SARS-CoV-2,majority_pathogen
650,320,8,8,0,5,3,SARS-CoV-2,1.0,T CD4 CM,0.875,0.125,0.0,KLGGALQAK,Human herpesvirus 5 strain AD169 (Human cytomegalovirus (strain AD169)),2,,,,Not restricted,DQA1*01:02-DQB1*05:02,CMV,SARS-CoV-2,majority_pathogen
651,327,8,8,0,8,5,SARS-CoV-2,0.875,T CD4 CM,0.625,0.0,0.0,TFEYVSQPFLMDLE,SARS-CoV2,2,,,,Not restricted,Not restricted,SARS-CoV-2,SARS-CoV-2,majority_pathogen
654,379,8,7,0,6,5,SARS-CoV-2,0.5714285714285714,T CD8 EM,0.8,0.0,0.0,MIELSLIDFYLCFLAFLLFLVLIML,SARS-CoV2,1,,,,Not restricted,Not restricted,SARS-CoV-2,SARS-CoV-2,vdjdb
655,385,8,7,0,5,5,SARS-CoV-2,0.8571428571428571,T CD4 CM,0.75,0.125,0.0,ILGLPTQTV,SARS-CoV2,3,,,,Multiple,Multiple,SARS-CoV-2,SARS-CoV-2,majority_pathogen
656,406,8,7,0,7,6,SARS-CoV-2,0.42857142857142855,T CD4 CM,0.75,0.125,0.0,LLQTGIHVRVSQPSL,Human herpesvirus 5 strain Towne (Human cytomegalovirus (strain Towne)),1,,,,Not restricted,Not restricted,CMV,CMV,vdjdb
657,407,8,7,0,7,5,SARS-CoV-2,1.0,T CD4 CM,0.75,0.0,0.0,,,,,,,Not restricted,Not restricted,,SARS-CoV-2,majority_pathogen
659,360,8,6,0,7,5,SARS-CoV-2,0.7142857142857143,T CD4 CM,0.875,0.125,0.0,HTTDPSFLGRY,SARS-CoV2,5,,,,Not restricted,Not restricted,SARS-CoV-2,SARS-CoV-2,majority_pathogen
664,445,8,6,0,5,5,SARS-CoV-2,0.3333333333333333,T CD8 EX,0.42857142857142855,0.0,0.0,,,,,,,Multiple,Multiple,,,
671,412,8,5,0,7,4,SARS-CoV-2,0.42857142857142855,T CD4 CM,0.5,0.0,0.14285714285714285,GLEAPFLYLYALVYFLQSINFVRIIMR,SARS-CoV2,2,,,,Not restricted,DQA1*01:02-DQB1*06:02,SARS-CoV-2,SARS-CoV-2,vdjdb
672,478,8,5,0,6,3,SARS-CoV-2,0.8333333333333334,T CD8 EM,0.75,0.0,0.0,LVVDFSQFSR,Hepatitis B virus (Human hepatitis B virus),2,,,,Multiple,Multiple,,SARS-CoV-2,majority_pathogen
673,629,8,5,0,5,5,SARS-CoV-2,1.0,T CD4 CM,1.0,0.0,0.0,KLGGALQAK,Human herpesvirus 5 strain AD169 (Human cytomegalovirus (strain AD169)),2,,,,Multiple,Multiple,CMV,SARS-CoV-2,majority_pathogen
675,663,8,5,6,5,3,Influenza_CMV_EBV,0.6,T CD8 EM,0.5714285714285714,0.0,0.0,GLCTLVAML,Human herpesvirus 4 (Epstein Barr virus),1,GLCTLVAML,EBV,0.8333333333333334,A*02:01,Not restricted,EBV,EBV,beam
676,714,8,5,0,5,3,SARS-CoV-2,0.8,T CD8 EM,0.25,0.125,0.16666666666666666,IPIGAGICASY,SARS-CoV2,3,,,,Not restricted,Not restricted,SARS-CoV-2,SARS-CoV-2,majority_pathogen
678,745,8,5,0,4,4,SARS-CoV-2,1.0,T CD4 CM,0.75,0.0,0.0,,,,,,,Multiple,DPA1*01:03-DPB1*04:01,,SARS-CoV-2,majority_pathogen
680,393,8,4,0,7,4,SARS-CoV-2,0.42857142857142855,T CD4 CM,0.75,0.0,0.16666666666666666,KLGGALQAK,Human herpesvirus 5 (Human cytomegalovirus),2,,,,Not restricted,DRB1*07:01,CMV,CMV,vdjdb
681,466,8,4,0,6,3,SARS-CoV-2,0.5,T CD8 EM,0.5,0.0,0.16666666666666666,LVVDFSQFSR,Hepatitis B virus (Human hepatitis B virus),1,,,,Multiple,Not restricted,,,
683,637,8,4,0,5,5,SARS-CoV-2,0.6,T CD8 EF,0.375,0.0,0.0,AVFDRKSDAK,Human herpesvirus 4 (Epstein Barr virus),2,,,,Multiple,DPA1*01:03-DPB1*03:01,EBV,EBV,vdjdb
684,684,8,4,0,4,2,SARS-CoV-2,1.0,T CD4 CM,0.625,0.0,0.0,,,,,,,Multiple,Multiple,,SARS-CoV-2,majority_pathogen
685,686,8,4,0,4,3,SARS-CoV-2,1.0,T CD8 Activated,0.625,0.0,0.0,HTTDPSFLGRY,SARS-CoV2,2,,,,A*01:01,Multiple,SARS-CoV-2,SARS-CoV-2,majority_pathogen
687,928,8,4,0,4,3,SARS-CoV-2,0.75,T CD4 CM,0.625,0.0,0.0,,,,,,,Not restricted,Not restricted,,SARS-CoV-2,majority_pathogen
689,306,8,3,0,8,2,SARS-CoV-2,1.0,T CD4 CM,0.5,0.0,0.0,KAYNVTQAF,Human herpesvirus 5 strain AD169 (Human cytomegalovirus (strain AD169)),2,,,,Not restricted,Not restricted,CMV,SARS-CoV-2,majority_pathogen
690,378,8,3,0,7,6,SARS-CoV-2,0.42857142857142855,T CD4 CM,0.875,0.0,0.16666666666666666,,,,,,,Multiple,Multiple,,,
692,532,8,3,0,4,2,SARS-CoV-2,1.0,T CD4 Activated,0.375,0.0,0.0,,,,,,,Not restricted,Multiple,,SARS-CoV-2,majority_pathogen
693,588,8,3,0,6,4,SARS-CoV-2,0.3333333333333333,T CD4 CM,0.625,0.0,0.16666666666666666,,,,,,,Multiple,Multiple,,,
696,420,8,2,0,6,7,HIV,0.42857142857142855,T CD4 CM,0.875,0.0,0.0,,,,,,,Not restricted,DQA1*05:05-DQB1*03:01,,,
697,553,8,2,0,6,5,SARS-CoV-2,0.5,T CD4 CM,0.5,0.0,0.0,KLPDDFTGCV,Homo sapiens (human),2,,,,Multiple,DPA1*01:03-DPB1*03:01,other,other,vdjdb
699,755,8,2,0,5,3,SARS-CoV-2,0.8,T CD8 EM,0.625,0.0,0.0,,,,,,,Multiple,DPA1*01:03-DPB1*02:01,,SARS-CoV-2,majority_pathogen
703,1178,8,2,0,4,3,SARS-CoV-2,0.5,T CD4 CM,0.25,0.0,0.0,,,,,,,C*03:04,Multiple,,,
704,1193,8,2,0,4,2,SARS-CoV-2,1.0,T CD4 CTL,0.375,0.125,0.0,,,,,,,Not restricted,Not restricted,,SARS-CoV-2,majority_pathogen
707,831,8,1,0,5,1,SARS-CoV-2,1.0,T CD8 EF,0.75,0.125,0.0,KTAYSHLSTSK,Hepatitis B virus (Human hepatitis B virus),1,,,,Not restricted,Not restricted,,SARS-CoV-2,majority_pathogen
709,1273,8,1,0,4,1,SARS-CoV-2,1.0,T CD8 EF,0.875,0.0,0.0,,,,,,,Not restricted,Not restricted,,SARS-CoV-2,majority_pathogen
713,375,7,7,0,6,3,SARS-CoV-2,0.7142857142857143,T CD4 CM,0.8571428571428571,0.0,0.16666666666666666,TLIGDCATV,SARS-CoV2,3,,,,Not restricted,DPA1*02:02-DPB1*05:01,SARS-CoV-2,SARS-CoV-2,majority_pathogen
715,395,7,7,0,7,6,SARS-CoV-2,0.42857142857142855,T CD8 EM,0.8571428571428571,0.0,0.16666666666666666,YVLDHLIVV,Human herpesvirus 4 (Epstein Barr virus),2,,,,Multiple,Not restricted,EBV,EBV,vdjdb
717,398,7,6,0,7,4,SARS-CoV-2,0.5714285714285714,T CD4 CM,0.6,0.0,0.0,,,,,,,Not restricted,DPA1*01:03-DPB1*04:01,,,
718,401,7,6,0,6,4,SARS-CoV-2,1.0,T CD4 CM,0.5714285714285714,0.14285714285714285,0.0,FGEVFNATRFASVY,SARS-CoV2,1,,,,Not restricted,DPA1*02:02-DPB1*05:01,SARS-CoV-2,SARS-CoV-2,majority_pathogen
720,443,7,6,0,6,4,SARS-CoV-2,0.6666666666666666,T CD4 CM,1.0,0.0,0.0,HTTDPSFLGRY,SARS-CoV2,2,,,,Not restricted,Not restricted,SARS-CoV-2,SARS-CoV-2,vdjdb
724,512,7,6,3,6,5,SARS-CoV-2,0.5,T CD8 EM,0.3333333333333333,0.14285714285714285,0.0,GILGFVFTL,Human herpesvirus 5 (Human cytomegalovirus),3,AVFDRKSDAK,EBV,0.3333333333333333,A*11:01,Not restricted,CMV,EBV,beam
725,518,7,6,0,5,4,HIV,0.3333333333333333,T CD4 CM,1.0,0.0,0.0,MIELSLIDFYLCFLAFLLFLVLIML,SARS-CoV2,2,,,,Not restricted,Not restricted,SARS-CoV-2,SARS-CoV-2,vdjdb
726,524,7,6,0,6,5,EBV_VZV,0.3333333333333333,T CD8 CM,0.5,0.0,0.16666666666666666,FVDGVPFVV,Human herpesvirus 4 (Epstein Barr virus),3,,,,Multiple,Not restricted,EBV,EBV,vdjdb
727,358,7,5,0,7,5,SARS-CoV-2,0.5714285714285714,T CD8 CM,0.3333333333333333,0.0,0.14285714285714285,IMLIIFWFSL,SARS-CoV2,2,,,,Multiple,Not restricted,SARS-CoV-2,SARS-CoV-2,vdjdb
728,368,7,5,0,7,3,SARS-CoV-2,1.0,T CD4 CM,0.7142857142857143,0.0,0.0,NLLLQYGSFCTQLNRAL,SARS-CoV2,1,,,,Not restricted,Not restricted,SARS-CoV-2,SARS-CoV-2,majority_pathogen
729,405,7,5,0,7,4,SARS-CoV-2,0.7142857142857143,T CD4 CM,1.0,0.0,0.16666666666666666,LLYDANYFL,SARS-CoV2,3,,,,C*07:02,Multiple,SARS-CoV-2,SARS-CoV-2,majority_pathogen
730,493,7,5,0,6,5,SARS-CoV-2,0.3333333333333333,T CD4 CM,0.5714285714285714,0.0,0.16666666666666666,,,,,,,Multiple,Multiple,,,
731,542,7,5,0,4,4,,0.0,T CD8 EF,0.2857142857142857,0.0,0.0,FLNGSCGSV,SARS-CoV2,3,,,,Multiple,Multiple,SARS-CoV-2,SARS-CoV-2,vdjdb
732,585,7,5,0,5,4,SARS-CoV-2,0.6666666666666666,T CD8 EM,0.3333333333333333,0.0,0.0,KLGGALQAK,Human herpesvirus 5 strain AD169 (Human cytomegalovirus (strain AD169)),1,,,,Multiple,Multiple,CMV,CMV,vdjdb
736,711,7,5,0,4,2,SARS-CoV-2,1.0,T CD8 Activated,1.0,0.0,0.0,AIILASFSA,SARS-CoV2,1,,,,A*29:02,Not restricted,SARS-CoV-2,SARS-CoV-2,majority_pathogen
738,759,7,5,0,4,2,SARS-CoV-2,0.8,T CD8 EM,0.2857142857142857,0.0,0.0,CTELKLSDY,SARS-CoV2,4,,,,Not restricted,Not restricted,SARS-CoV-2,SARS-CoV-2,majority_pathogen
739,382,7,4,0,6,5,SARS-CoV-2,0.8571428571428571,T CD4 CM,0.7142857142857143,0.14285714285714285,0.16666666666666666,,,,,,,Not restricted,Not restricted,,SARS-CoV-2,majority_pathogen
740,509,7,4,0,5,4,SARS-CoV-2,0.6666666666666666,T CD8 EM,0.42857142857142855,0.14285714285714285,0.0,APHGVVFLHVTYV,SARS-CoV2,2,,,,Multiple,Multiple,SARS-CoV-2,SARS-CoV-2,vdjdb
741,510,7,4,0,5,4,SARS-CoV-2,1.0,T CD4 CM,0.5714285714285714,0.14285714285714285,0.0,KLGGALQAK,Human herpesvirus 5 strain AD169 (Human cytomegalovirus (strain AD169)),1,,,,Multiple,Multiple,CMV,SARS-CoV-2,majority_pathogen
742,516,7,4,0,5,5,SARS-CoV-2,1.0,T CD4 CM,0.7142857142857143,0.0,0.0,KLGGALQAK,Human herpesvirus 5 strain AD169 (Human cytomegalovirus (strain AD169)),2,,,,A*02:01,Not restricted,CMV,SARS-CoV-2,majority_pathogen
743,540,7,4,0,6,5,SARS-CoV-2,0.6666666666666666,T CD4 CM,1.0,0.0,0.0,,,,,,,Not restricted,Multiple,,,
744,707,7,4,0,5,4,SARS-CoV-2,1.0,T CD4 CM,0.42857142857142855,0.0,0.0,APKEIIFLEGETL,SARS-CoV2,3,,,,Not restricted,Not restricted,SARS-CoV-2,SARS-CoV-2,majority_pathogen
745,754,7,4,0,5,4,SARS-CoV-2,0.8,T CD4 CM,0.8571428571428571,0.0,0.0,,,,,,,Not restricted,Not restricted,,SARS-CoV-2,majority_pathogen
746,998,7,4,2,4,3,SARS-CoV-2,0.5,T CD8 CM,0.5,0.0,0.0,GILGFVFTL,Influenza A virus,1,IE62,VZV,1.0,Multiple,Multiple,Influenza,VZV,beam
748,1082,7,4,0,4,4,SARS-CoV-2,0.5,T CD8 EF,0.75,0.0,0.0,,,,,,,B*44:03,Multiple,,,
752,390,7,3,0,7,4,SARS-CoV-2,0.7142857142857143,T CD4 CM,0.8571428571428571,0.14285714285714285,0.16666666666666666,,,,,,,Not restricted,DRB1*07:01,,SARS-CoV-2,majority_pathogen
753,475,7,3,2,6,2,EBV_VZV,0.5,T CD8 EM,1.0,0.0,0.0,QLMCQPILLL,SARS-CoV2,2,BMLF1,EBV,0.5,Not restricted,Not restricted,SARS-CoV-2,EBV,beam
755,675,7,3,0,5,4,SARS-CoV-2,0.6,T CD4 CTL,0.2857142857142857,0.0,0.0,,,,,,,A*02:01,Multiple,,,
758,868,7,3,0,4,2,SARS-CoV-2,0.5,T CD8 EF,0.42857142857142855,0.0,0.0,,,,,,,Multiple,Not restricted,,,
759,897,7,3,0,4,4,SARS-CoV-2,0.25,T CD8 EM,0.42857142857142855,0.0,0.0,,,,,,,Multiple,Multiple,,,
760,981,7,3,0,4,3,SARS-CoV-2,0.5,T CD8 Activated,1.0,0.0,0.0,YLQPRTFLL,SARS-CoV2,2,,,,Multiple,Multiple,SARS-CoV-2,SARS-CoV-2,vdjdb
761,1093,7,3,0,4,3,SARS-CoV-2,0.5,T CD4 CM,1.0,0.0,0.0,,,,,,,A*03:01,DRB1*13:02,,,
763,384,7,2,0,5,3,SARS-CoV-2,1.0,T CD4 Activated CTL,0.42857142857142855,0.0,0.0,FLWLLWPVTLACFVLAAV,SARS-CoV2,1,,,,A*01:01,Multiple,SARS-CoV-2,SARS-CoV-2,majority_pathogen
764,408,7,2,0,7,4,SARS-CoV-2,0.7142857142857143,T CD8 CM,0.5714285714285714,0.0,0.0,,,,,,,Not restricted,Not restricted,,SARS-CoV-2,majority_pathogen
766,586,7,2,0,6,2,SARS-CoV-2,0.6666666666666666,T CD8 EM,0.3333333333333333,0.14285714285714285,0.16666666666666666,LPRRSGAAGA,Influenza A virus,1,,,,Not restricted,DPA1*02:02-DPB1*05:01,Influenza,Influenza,vdjdb
767,596,7,2,0,5,3,SARS-CoV-2,1.0,T CD4 CM,0.8571428571428571,0.0,0.0,RTQSPRRR,Hepatitis B virus (Human hepatitis B virus),2,,,,A*02:01,DPA1*01:03-DPB1*04:01,,SARS-CoV-2,majority_pathogen
769,779,7,2,1,4,4,EBV_VZV,0.4,T CD8 EM,0.6666666666666666,0.0,0.0,,,,EBNA1,EBV,1.0,Multiple,Multiple,,EBV,beam
770,875,7,2,0,4,2,SARS-CoV-2,1.0,T CD8 EF,0.7142857142857143,0.0,0.0,HTTDPSFLGRY,SARS-CoV2,1,,,,A*01:01,Not restricted,SARS-CoV-2,SARS-CoV-2,majority_pathogen
771,1132,7,2,0,4,2,SARS-CoV-2,0.75,T CD8 EM,0.8571428571428571,0.0,0.0,LPRRSGAAGA,Influenza A virus,1,,,,Multiple,Multiple,Influenza,SARS-CoV-2,majority_pathogen
772,582,7,1,0,6,1,SARS-CoV-2,0.8333333333333334,T CD4 CM,0.42857142857142855,0.14285714285714285,0.16666666666666666,,,,,,,Not restricted,Not restricted,,SARS-CoV-2,majority_pathogen
773,761,7,1,0,5,4,SARS-CoV-2,1.0,T CD4 CM,0.8571428571428571,0.0,0.0,,,,,,,Not restricted,Multiple,,SARS-CoV-2,majority_pathogen
774,772,7,1,0,5,4,SARS-CoV-2,0.4,T CD4 CM,0.8571428571428571,0.0,0.0,YVLDHLIVV,Human herpesvirus 4 (Epstein Barr virus),1,,,,Not restricted,Not restricted,EBV,EBV,vdjdb
775,1177,7,1,0,4,3,SARS-CoV-2,0.5,T CD8 RM,0.6,0.0,0.0,GILGFVFTL,Influenza A virus,1,,,,Multiple,Multiple,Influenza,Influenza,vdjdb
776,437,6,6,0,6,3,SARS-CoV-2,0.8333333333333334,T CD4 CM,0.5,0.16666666666666666,0.0,GILGFVFTL,Influenza A virus,2,,,,Not restricted,Not restricted,Influenza,SARS-CoV-2,majority_pathogen
777,438,6,6,0,5,4,,0.0,T CD8 EM,0.3333333333333333,0.16666666666666666,0.0,CTELKLNDY,Influenza A virus (A/Netherlands/602/2009(H1N1)),2,,,,A*01:01,Not restricted,Influenza,Influenza,vdjdb
780,470,6,6,0,6,5,SARS-CoV-2,0.6666666666666666,T CD4 CM,0.6666666666666666,0.0,0.0,,,,,,,Not restricted,DPA1*01:03-DPB1*02:01,,,
782,515,6,6,0,5,4,SARS-CoV-2,0.8333333333333334,T CD4 CM,1.0,0.0,0.0,,,,,,,Not restricted,DQA1*01:02-DQB1*06:02,,SARS-CoV-2,majority_pathogen
785,458,6,5,0,5,4,SARS-CoV-2,0.6666666666666666,T CD8 EM,0.6,0.0,0.0,,,,,,,Multiple,Multiple,,,
786,461,6,5,1,5,4,SARS-CoV-2,0.5,T CD8 CM,0.3333333333333333,0.16666666666666666,0.0,FLWLLWPVTLACFVLAAV,Human herpesvirus 5 strain AD169 (Human cytomegalovirus (strain AD169)),2,BRLF1,EBV,1.0,A*02:01,DQA1*03:01-DQB1*03:02,CMV,EBV,beam
787,481,6,5,0,6,5,SARS-CoV-2,0.8333333333333334,T CD4 CM,0.8333333333333334,0.16666666666666666,0.0,SEVGPEHSLAEY,SARS-CoV2,2,,,,Not restricted,Not restricted,SARS-CoV-2,SARS-CoV-2,majority_pathogen
788,490,6,5,0,5,4,SARS-CoV-2,0.8333333333333334,T CD8 Activated,0.3333333333333333,0.0,0.0,HTTDPSFLGRY,SARS-CoV2,3,,,,A*01:01,Not restricted,SARS-CoV-2,SARS-CoV-2,majority_pathogen
790,511,6,5,0,5,3,SARS-CoV-2,0.8333333333333334,T CD4 CM,0.5,0.16666666666666666,0.0,VLPFNDGVYFASTEK,SARS-CoV2,1,,,,Not restricted,Not restricted,SARS-CoV-2,SARS-CoV-2,majority_pathogen
791,514,6,5,0,6,3,SARS-CoV-2,0.8333333333333334,T CD4 CM,1.0,0.0,0.16666666666666666,MIELSLIDFYLCFLAFLLFLVLIML,SARS-CoV2,1,,,,Not restricted,Not restricted,SARS-CoV-2,SARS-CoV-2,majority_pathogen
792,610,6,5,0,4,2,SARS-CoV-2,0.8,T CD4 CM,0.8333333333333334,0.0,0.0,,,,,,,Not restricted,Not restricted,,SARS-CoV-2,majority_pathogen
793,622,6,5,0,4,4,SARS-CoV-2,0.6,T CD4 CM,0.6666666666666666,0.0,0.0,MIELSLIDFYLCFLAFLLFLVLIML,SARS-CoV2,3,,,,Multiple,Multiple,SARS-CoV-2,SARS-CoV-2,vdjdb
794,628,6,5,0,4,4,HBV,0.4,T CD4 CM,0.6666666666666666,0.0,0.0,,,,,,,Not restricted,Not restricted,,,
795,641,6,5,0,5,4,SARS-CoV-2,0.4,T CD8 CM,0.5,0.0,0.0,,,,,,,B*40:01,Not restricted,,,
800,709,6,5,1,4,3,Influenza_CMV_EBV,0.6,T CD4 PH,0.3333333333333333,0.0,0.0,FVDGVPFVV,SARS-CoV2,1,AVFDRKSDAK,EBV,1.0,A*11:01,Not restricted,SARS-CoV-2,EBV,beam
801,723,6,5,0,4,2,EBV_VZV,0.8,T CD8 Activated,0.5,0.0,0.0,,,,,,,Not restricted,Not restricted,,,
802,739,6,5,0,4,2,SARS-CoV-2,1.0,T CD8 Activated,0.8333333333333334,0.0,0.0,FLNGSCGSV,SARS-CoV2,5,,,,B*52:01,Not restricted,SARS-CoV-2,SARS-CoV-2,majority_pathogen
803,787,6,5,0,4,2,EBV_VZV,0.6,T CD8 CM,0.6666666666666666,0.0,0.0,,,,,,,Not restricted,Not restricted,,,
804,441,6,4,0,6,5,SARS-CoV-2,0.6666666666666666,T CD4 CM,0.5,0.16666666666666666,0.16666666666666666,YLQPRTFLL,SARS-CoV2,1,,,,Multiple,Multiple,SARS-CoV-2,SARS-CoV-2,vdjdb
805,473,6,4,0,6,6,SARS-CoV-2,0.5,T CD4 CM,0.5,0.0,0.0,,,,,,,Not restricted,Multiple,,,
809,633,6,4,1,5,3,SARS-CoV-2,0.8,T CD8 EF,0.4,0.16666666666666666,0.0,SPFHPLADNKFAL,SARS-CoV2,2,IE62,VZV,1.0,A*02:01,Not restricted,SARS-CoV-2,VZV,beam
811,724,6,4,2,4,2,SARS-CoV-2,0.4,T CD8 CM,1.0,0.0,0.0,,,,EBNA1,EBV,0.5,Multiple,DPA1*01:03-DPB1*04:01,,EBV,beam
813,916,6,4,0,4,3,SARS-CoV-2,0.5,T CD8 EM,0.6,0.0,0.0,ILLIIMRTFKVSIWNLDYII,SARS-CoV2,4,,,,A*33:03,DPA1*01:03-DPB1*04:01,SARS-CoV-2,SARS-CoV-2,vdjdb
814,917,6,4,0,4,4,SARS-CoV-2,0.5,T CD8 EM,0.6666666666666666,0.0,0.0,,,,,,,Multiple,Not restricted,,,
815,932,6,4,0,4,3,Dengue_virus,0.5,T CD4 CM,1.0,0.0,0.0,,,,,,,Not restricted,Multiple,,,
816,936,6,4,0,4,4,SARS-CoV-2,0.75,T CD8 CM,0.6,0.0,0.0,KFPRGQGVPI,Human herpesvirus 5 strain AD169 (Human cytomegalovirus (strain AD169)),2,,,,A*02:01,Not restricted,CMV,SARS-CoV-2,majority_pathogen
817,1027,6,4,0,4,4,SARS-CoV-2,0.75,T CD4 CM,0.8333333333333334,0.0,0.0,,,,,,,Not restricted,Multiple,,SARS-CoV-2,majority_pathogen
818,1030,6,4,0,4,3,SARS-CoV-2,1.0,T CD4 CM,1.0,0.0,0.0,FLPRVFSAV,SARS-CoV2,2,,,,Not restricted,Not restricted,SARS-CoV-2,SARS-CoV-2,majority_pathogen
819,1046,6,4,0,4,4,SARS-CoV-2,0.5,T CD4 CM,0.6666666666666666,0.0,0.0,VSFIEFVGW,Human herpesvirus 4 (Epstein Barr virus),1,,,,Multiple,Not restricted,EBV,EBV,vdjdb
824,463,6,3,0,5,4,SARS-CoV-2,0.3333333333333333,T CD4 CM,1.0,0.0,0.0,,,,,,,Not restricted,Multiple,,,
826,529,6,3,0,6,4,SARS-CoV-2,1.0,T CD4 CM,0.8333333333333334,0.16666666666666666,0.0,IPIQASLPF,SARS-CoV2,1,,,,Not restricted,Not restricted,SARS-CoV-2,SARS-CoV-2,majority_pathogen
830,733,6,3,0,5,4,SARS-CoV-2,0.8,T CD4 CM,0.8333333333333334,0.16666666666666666,0.0,,,,,,,Not restricted,Not restricted,,SARS-CoV-2,majority_pathogen
832,783,6,3,0,5,4,SARS-CoV-2,0.6,T CD4 CM,0.6666666666666666,0.16666666666666666,0.0,,,,,,,Not restricted,Multiple,,,
833,850,6,3,0,5,3,SARS-CoV-2,0.4,T CD8 EM,0.5,0.0,0.0,KLGGALQAK,Hepatitis B virus (Human hepatitis B virus),2,,,,Multiple,Multiple,,,
834,939,6,3,0,4,3,SARS-CoV-2,1.0,T CD8 EM,1.0,0.0,0.0,NLVPMVATV,Human herpesvirus 5 (Human cytomegalovirus),1,,,,Not restricted,Not restricted,CMV,SARS-CoV-2,majority_pathogen
835,1037,6,3,2,4,4,Influenza_CMV_EBV,0.25,T CD8 CM,0.6666666666666666,0.0,0.0,NLVPMVATV,Human herpesvirus 5 (Human cytomegalovirus),2,IE62,VZV,1.0,Multiple,Not restricted,CMV,VZV,beam
836,1192,6,3,0,4,3,SARS-CoV-2,0.75,T CD8 EM,0.5,0.16666666666666666,0.0,HTTDPSFLGRY,SARS-CoV2,2,,,,Not restricted,Not restricted,SARS-CoV-2,SARS-CoV-2,majority_pathogen
838,621,6,2,0,5,5,SARS-CoV-2,0.8,T CD4 EF,0.3333333333333333,0.16666666666666666,0.0,KLGGALQAK,Human herpesvirus 5 strain AD169 (Human cytomegalovirus (strain AD169)),1,,,,A*29:02,Multiple,CMV,SARS-CoV-2,majority_pathogen
840,1058,6,2,0,4,4,SARS-CoV-2,0.75,T CD4 CM,0.6666666666666666,0.0,0.0,LLWNGPMAV,Yellow fever virus 17D (Yellow fever virus (STRAIN 17D)),1,,,,Not restricted,Multiple,Yellow fever,SARS-CoV-2,majority_pathogen
841,1089,6,2,0,4,2,SARS-CoV-2,1.0,T CD4 Activated,0.16666666666666666,0.0,0.0,NLVPMVATV,Human herpesvirus 5 (Human cytomegalovirus),1,,,,Not restricted,Not restricted,CMV,SARS-CoV-2,majority_pathogen
844,587,6,1,0,4,2,HIV,0.8333333333333334,T CD8 CM,0.6666666666666666,0.0,0.0,MIELSLIDFYLCFLAFLLFLVLIML,SARS-CoV2,1,,,,Multiple,Multiple,SARS-CoV-2,HIV,majority_pathogen
846,830,6,1,0,5,1,SARS-CoV-2,1.0,T CD8 EF,0.5,0.16666666666666666,0.0,,,,,,,Not restricted,Not restricted,,SARS-CoV-2,majority_pathogen
850,595,5,5,0,5,3,SARS-CoV-2,0.8,T CD8 Activated,0.75,0.0,0.0,TPRVTGGGAM,Human herpesvirus 5 (Human cytomegalovirus),1,,,,B*51:01,DQA1*03:01-DQB1*03:02,CMV,SARS-CoV-2,majority_pathogen
851,607,5,5,0,5,3,SARS-CoV-2,1.0,T CD4 CM,0.8,0.0,0.0,,,,,,,Not restricted,DRB1*11:01,,SARS-CoV-2,majority_pathogen
854,649,5,5,0,4,3,HIV,0.4,T CD4 CM,1.0,0.0,0.0,QELIRQGTDY,SARS-CoV2,2,,,,Not restricted,DPA1*01:03-DPB1*04:01,SARS-CoV-2,SARS-CoV-2,vdjdb
862,704,5,5,0,4,3,SARS-CoV-2,0.4,T CD4 CM,1.0,0.0,0.0,MIELSLIDFYLCFLAFLLFLVLIML,SARS-CoV2,1,,,,Not restricted,Multiple,SARS-CoV-2,SARS-CoV-2,vdjdb
863,705,5,5,0,4,4,SARS-CoV-2,1.0,T CD4 CM,1.0,0.0,0.0,,,,,,,A*24:02,Not restricted,,SARS-CoV-2,majority_pathogen
869,742,5,5,0,5,4,SARS-CoV-2,0.4,T CD8 EM,0.3333333333333333,0.0,0.0,,,,,,,Multiple,Not restricted,,,
870,746,5,5,0,5,5,SARS-CoV-2,0.6,T CD4 CM,1.0,0.0,0.0,,,,,,,A*02:01,DRB1*13:02,,,
871,758,5,5,0,5,3,SARS-CoV-2,1.0,T CD8 Activated,0.2,0.0,0.0,,,,,,,Not restricted,Not restricted,,SARS-CoV-2,majority_pathogen
872,767,5,5,0,5,4,SARS-CoV-2,0.6,T CD4 CM,1.0,0.0,0.0,ALWEIQQVV,SARS coronavirus Urbani (SARS-CoV (Urbani strain)),1,,,,Not restricted,Not restricted,SARS-CoV-1,SARS-CoV-1,vdjdb
877,851,5,5,0,4,2,SARS-CoV-2,1.0,T CD4 CM,1.0,0.0,0.0,,,,,,,Not restricted,DRB1*15:01,,SARS-CoV-2,majority_pathogen
878,594,5,4,0,5,4,SARS-CoV-2,0.6,T G/D Vd2 EM,0.3333333333333333,0.0,0.0,,,,,,,Multiple,Not restricted,,,
879,603,5,4,0,5,3,SARS-CoV-2,1.0,T CD4 CM,0.6,0.0,0.0,VLPFNDGVYFASTEK,SARS-CoV2,1,,,,Multiple,Multiple,SARS-CoV-2,SARS-CoV-2,majority_pathogen
884,625,5,4,0,4,4,SARS-CoV-2,0.8,T CD4 CM,1.0,0.0,0.0,CINGVCWTV,Influenza A virus,3,,,,Multiple,Multiple,Influenza,SARS-CoV-2,majority_pathogen
885,627,5,4,0,5,4,,0.0,T CD4 CM,0.8,0.0,0.0,HTTDPSFLGRY,SARS-CoV2,2,,,,Multiple,Multiple,SARS-CoV-2,SARS-CoV-2,vdjdb
891,718,5,4,0,4,2,EBV_VZV,0.8,T CD8 CM,1.0,0.0,0.0,YLQPRTFLL,SARS-CoV2,1,,,,Not restricted,Not restricted,SARS-CoV-2,SARS-CoV-2,vdjdb
892,726,5,4,0,4,2,SARS-CoV-2,0.8,T CD4 CM,0.6,0.0,0.0,,,,,,,A*03:01,Multiple,,SARS-CoV-2,majority_pathogen
893,727,5,4,0,5,3,SARS-CoV-2,0.8,T CD4 CM,0.6,0.0,0.0,YLNTLTLAV,SARS-CoV2,2,,,,Not restricted,Not restricted,SARS-CoV-2,SARS-CoV-2,majority_pathogen
895,781,5,4,0,5,2,SARS-CoV-2,0.8,T CD4 CM,1.0,0.0,0.0,GILGFVFTL,Influenza A virus,1,,,,Not restricted,DRB1*15:01,Influenza,SARS-CoV-2,majority_pathogen
897,906,5,4,0,4,2,SARS-CoV-2,0.75,T CD8 EF,0.4,0.0,0.0,HGIRNASFI,Murid herpesvirus 1 deltaMS94.5,2,,,,Not restricted,Not restricted,other,SARS-CoV-2,majority_pathogen
898,921,5,4,0,4,4,SARS-CoV-2,0.75,T CD4 CM,0.8,0.0,0.0,,,,,,,Multiple,Multiple,,SARS-CoV-2,majority_pathogen
903,956,5,4,0,4,2,SARS-CoV-2,1.0,T CD4 CM,0.6,0.0,0.0,KLGGALQAK,Human herpesvirus 5 strain AD169 (Human cytomegalovirus (strain AD169)),3,,,,Not restricted,Not restricted,CMV,SARS-CoV-2,majority_pathogen
908,1017,5,4,0,4,4,SARS-CoV-2,0.5,T CD4 CM,0.8,0.0,0.0,,,,,,,C*04:01,Multiple,,,
910,1054,5,4,0,4,4,SARS-CoV-2,0.75,T CD4 CM,1.0,0.0,0.0,KLGGALQAK,Human herpesvirus 5 strain AD169 (Human cytomegalovirus (strain AD169)),2,,,,Not restricted,Not restricted,CMV,SARS-CoV-2,majority_pathogen
912,1165,5,4,0,4,4,SARS-CoV-2,1.0,T CD4 CM,0.8,0.0,0.0,,,,,,,C*06:02,Multiple,,SARS-CoV-2,majority_pathogen
915,599,5,3,0,5,3,SARS-CoV-2,0.8,T CD4 CM,1.0,0.0,0.0,,,,,,,Not restricted,Not restricted,,SARS-CoV-2,majority_pathogen
917,688,5,3,0,5,5,SARS-CoV-2,0.6,T CD8 EM,0.5,0.0,0.0,FLWLLWPVTLACFVLAAV,SARS-CoV2,1,,,,B*35:01,Not restricted,SARS-CoV-2,SARS-CoV-2,vdjdb
920,797,5,3,0,4,2,SARS-CoV-2,1.0,T CD4 CM,0.8,0.0,0.0,,,,,,,Not restricted,DPA1*02:02-DPB1*05:01,,SARS-CoV-2,majority_pathogen
921,853,5,3,0,5,2,SARS-CoV-2,0.8,T CD8 EM,0.6,0.0,0.0,,,,,,,A*11:01,Not restricted,,SARS-CoV-2,majority_pathogen
923,878,5,3,1,4,2,SARS-CoV-2,0.5,T CD8 CM,1.0,0.0,0.0,FLNGSCGSV,SARS-CoV2,1,IE62,VZV,1.0,Multiple,Multiple,SARS-CoV-2,VZV,beam
924,887,5,3,0,4,3,SARS-CoV-2,0.75,T CD4 CM,0.6,0.0,0.0,,,,,,,Multiple,Multiple,,SARS-CoV-2,majority_pathogen
925,952,5,3,0,4,3,HIV,0.5,T CD8 RM,0.25,0.0,0.0,KLGGALQAK,Human herpesvirus 5 strain AD169 (Human cytomegalovirus (strain AD169)),1,,,,Multiple,Multiple,CMV,CMV,vdjdb
926,997,5,3,0,4,3,SARS-CoV-2,1.0,T CD4 Activated CTL,0.4,0.0,0.0,,,,,,,Not restricted,Multiple,,SARS-CoV-2,majority_pathogen
928,1108,5,3,0,4,4,SARS-CoV-2,1.0,T CD8 EM,1.0,0.0,0.0,FVCNLLLLFVTVYSHLLLV,SARS-CoV2,3,,,,C*04:01,Multiple,SARS-CoV-2,SARS-CoV-2,majority_pathogen
931,1198,5,3,0,4,3,SARS-CoV-2,0.5,T CD4 CM,1.0,0.0,0.0,,,,,,,Multiple,Multiple,,,
933,1300,5,3,0,4,1,SARS-CoV-2,1.0,T CD4 Activated CTL,0.4,0.0,0.0,,,,,,,Not restricted,Multiple,,SARS-CoV-2,majority_pathogen
934,689,5,2,0,5,5,SARS-CoV-2,1.0,T CD4 CM,1.0,0.0,0.0,FVDGVPFVV,SARS-CoV2,1,,,,Multiple,DQA1*05:05-DQB1*03:01,SARS-CoV-2,SARS-CoV-2,majority_pathogen
935,728,5,2,0,5,3,SARS-CoV-2,0.8,T CD4 CM,0.8,0.0,0.0,KLGGALQAK,Human herpesvirus 5 strain AD169 (Human cytomegalovirus (strain AD169)),2,,,,Not restricted,Not restricted,CMV,SARS-CoV-2,majority_pathogen
940,817,5,2,0,5,3,SARS-CoV-2,1.0,T CD4 CM,1.0,0.0,0.0,,,,,,,Not restricted,DRB1*11:01,,SARS-CoV-2,majority_pathogen
941,923,5,2,0,4,2,SARS-CoV-2,1.0,T CD4 PH,0.4,0.0,0.0,,,,,,,Not restricted,Multiple,,SARS-CoV-2,majority_pathogen
942,979,5,2,0,4,5,SARS-CoV-2,1.0,T CD4 CM,0.8,0.0,0.0,FLNGSCGSV,SARS-CoV2,1,,,,Not restricted,Multiple,SARS-CoV-2,SARS-CoV-2,majority_pathogen
943,1135,5,2,0,4,4,SARS-CoV-2,0.75,T CD8 EM,0.4,0.0,0.0,STLPETAVVRR,Hepatitis B virus (Human hepatitis B virus),1,,,,Multiple,Not restricted,,SARS-CoV-2,majority_pathogen
951,1206,5,1,0,4,3,SARS-CoV-2,0.5,T CD8 EX,0.4,0.0,0.0,,,,,,,Multiple,Multiple,,,
952,1253,5,1,0,4,1,SARS-CoV-2,1.0,T CD8 EF,0.6,0.0,0.0,,,,,,,Not restricted,Not restricted,,SARS-CoV-2,majority_pathogen
953,1276,5,1,0,4,1,SARS-CoV-2,1.0,T CD8 EF,0.8,0.0,0.0,,,,,,,Not restricted,Not restricted,,SARS-CoV-2,majority_pathogen
956,870,4,4,0,4,2,SARS-CoV-2,1.0,T CD4 Activated CTL,0.25,0.0,0.0,NLVPMVATV,Human herpesvirus 5 (Human cytomegalovirus),1,,,,Not restricted,DQA1*01:02-DQB1*06:02,CMV,SARS-CoV-2,majority_pathogen
957,872,4,4,0,4,3,SARS-CoV-2,0.75,T CD4 CM,1.0,0.0,0.0,,,,,,,Not restricted,DRB1*07:01,,SARS-CoV-2,majority_pathogen
962,912,4,4,0,4,3,SARS-CoV-2,0.5,T CD4 CM,0.75,0.0,0.0,,,,,,,A*01:01,DPA1*01:03-DPB1*04:01,,,
963,913,4,4,0,4,3,EBV_VZV,0.5,T CD8 CM,0.5,0.0,0.0,,,,,,,Not restricted,Not restricted,,,
965,920,4,4,0,4,4,SARS-CoV-2,0.5,T CD4 CM,0.5,0.0,0.0,,,,,,,Not restricted,Not restricted,,,
971,941,4,4,0,4,4,SARS-CoV-2,0.5,T CD8 CM,0.6666666666666666,0.0,0.0,RSVASQSIIAYTMSL,SARS-CoV2,1,,,,A*02:01,Not restricted,SARS-CoV-2,SARS-CoV-2,vdjdb
973,949,4,4,0,4,3,SARS-CoV-2,0.5,T CD8 EM,0.75,0.0,0.0,,,,,,,Multiple,Multiple,,,
974,953,4,4,0,4,3,SARS-CoV-2,1.0,T CD4 CM,1.0,0.0,0.0,MIELSLIDFYLCFLAFLLFLVLIML,SARS-CoV2,1,,,,Not restricted,Multiple,SARS-CoV-2,SARS-CoV-2,majority_pathogen
975,959,4,4,0,4,4,SARS-CoV-2,0.5,T CD4 CM,0.3333333333333333,0.0,0.0,YEQYIKWPWYI,SARS-CoV2,1,,,,Multiple,Not restricted,SARS-CoV-2,SARS-CoV-2,vdjdb
977,963,4,4,1,4,3,Influenza_CMV_EBV,0.25,T CD4 CM,0.5,0.0,0.0,MGYINVFAFPFTIYSL,SARS-CoV2,2,EBNA1,EBV,1.0,Multiple,Not restricted,SARS-CoV-2,EBV,beam
979,976,4,4,0,4,3,SARS-CoV-2,1.0,T CD4 CM,0.75,0.0,0.0,,,,,,,Not restricted,Not restricted,,SARS-CoV-2,majority_pathogen
982,1006,4,4,0,4,4,SARS-CoV-2,0.75,T CD4 CM,0.75,0.0,0.0,,,,,,,Not restricted,Not restricted,,SARS-CoV-2,majority_pathogen
985,1024,4,4,0,4,4,SARS-CoV-2,1.0,T CD4 Activated,0.25,0.0,0.0,MIELSLIDFYLCFLAFLLFLVLIML,SARS-CoV2,1,,,,C*06:02,Multiple,SARS-CoV-2,SARS-CoV-2,majority_pathogen
986,1065,4,4,0,4,2,SARS-CoV-2,0.75,T CD4 CM,0.5,0.0,0.0,FVDGVPFVV,SARS-CoV2,2,,,,Not restricted,Multiple,SARS-CoV-2,SARS-CoV-2,majority_pathogen
987,1084,4,4,0,4,4,SARS-CoV-2,0.25,T CD4 CM,0.5,0.0,0.0,MGYINVFAFPFTIYSL,SARS-CoV2,2,,,,Not restricted,Multiple,SARS-CoV-2,SARS-CoV-2,vdjdb
988,1129,4,4,0,4,3,SARS-CoV-2,0.5,T CD4 CM,1.0,0.0,0.0,MIELSLIDFYLCFLAFLLFLVLIML,SARS-CoV2,1,,,,Not restricted,DQA1*01:02-DQB1*06:02,SARS-CoV-2,SARS-CoV-2,vdjdb
989,1138,4,4,0,4,2,,0.0,T CD4 CM,1.0,0.0,0.0,,,,,,,Not restricted,Not restricted,,,
991,1205,4,4,0,4,4,SARS-CoV-2,0.5,T CD4 CM,1.0,0.0,0.0,,,,,,,Multiple,Multiple,,,
992,1207,4,4,0,4,3,SARS-CoV-2,0.5,T CD4 CM,1.0,0.0,0.0,,,,,,,Not restricted,Multiple,,,
993,1209,4,4,0,4,2,Dengue_virus,0.75,T CD4 CM,0.75,0.0,0.0,GILGFVFTL,Influenza A virus,2,,,,Multiple,Multiple,Influenza,Dengue_virus,majority_pathogen
998,1296,4,4,0,4,1,SARS-CoV-2,1.0,T CD4 CM,1.0,0.0,0.0,,,,,,,A*11:01,Multiple,,SARS-CoV-2,majority_pathogen
999,1298,4,4,0,4,2,SARS-CoV-2,0.75,T CD4 CM,1.0,0.0,0.0,,,,,,,Not restricted,DPA1*02:02-DPB1*05:01,,SARS-CoV-2,majority_pathogen
1002,876,4,3,0,4,3,SARS-CoV-2,0.5,T CD8 EM,0.5,0.0,0.0,GLEAPFLYLYALVYFLQSINFVRIIMR,SARS-CoV2,1,,,,A*02:01,DPA1*01:03-DPB1*04:01,SARS-CoV-2,SARS-CoV-2,vdjdb
1003,879,4,3,0,4,3,SARS-CoV-2,1.0,T CD4 CM,1.0,0.0,0.0,HTTDPSFLGRY,SARS-CoV2,3,,,,Not restricted,Not restricted,SARS-CoV-2,SARS-CoV-2,majority_pathogen
1004,891,4,3,0,4,3,SARS-CoV-2,1.0,T CD4 CM,1.0,0.0,0.0,KLGGALQAK,Human herpesvirus 5 strain AD169 (Human cytomegalovirus (strain AD169)),2,,,,Multiple,Multiple,CMV,SARS-CoV-2,majority_pathogen
1006,901,4,3,0,4,3,SARS-CoV-2,0.5,T CD8 EF,0.25,0.0,0.0,AVFDRKSDAK,AKR (endogenous) murine leukemia virus (AKR murine leukemia virus),3,,,,A*01:01,Multiple,other,other,vdjdb
1010,991,4,3,0,4,4,SARS-CoV-2,0.5,T CD8 EF,0.25,0.0,0.0,NPLLYDANYFLCW,SARS-CoV2,2,,,,Multiple,DPA1*02:02-DPB1*05:01,SARS-CoV-2,SARS-CoV-2,vdjdb
1011,993,4,3,0,4,3,SARS-CoV-2,1.0,T CD4 CM,0.5,0.0,0.0,,,,,,,Not restricted,DPA1*01:03-DPB1*04:01,,SARS-CoV-2,majority_pathogen
1013,1031,4,3,0,4,3,SARS-CoV-2,1.0,T CD8 EM,0.5,0.0,0.0,,,,,,,Not restricted,Multiple,,SARS-CoV-2,majority_pathogen
1016,1069,4,3,0,4,3,SARS-CoV-2,0.75,T CD8 EM,1.0,0.0,0.0,GILGFVFTL,Influenza A virus,1,,,,B*27:05,Not restricted,Influenza,SARS-CoV-2,majority_pathogen
1020,1078,4,3,0,4,3,SARS-CoV-2,1.0,T CD4 CM,0.75,0.0,0.0,HTTDPSFLGRY,SARS-CoV2,2,,,,A*02:01,Not restricted,SARS-CoV-2,SARS-CoV-2,majority_pathogen
1021,1083,4,3,0,4,3,SARS-CoV-2,1.0,T CD4 Activated,0.5,0.0,0.0,MIELSLIDFYLCFLAFLLFLVLIML,SARS-CoV2,2,,,,Not restricted,Multiple,SARS-CoV-2,SARS-CoV-2,majority_pathogen
1022,1109,4,3,0,4,2,SARS-CoV-2,1.0,T CD4 CM,0.5,0.0,0.0,,,,,,,A*01:01,Multiple,,SARS-CoV-2,majority_pathogen
1026,1126,4,3,0,4,3,SARS-CoV-2,0.75,T CD4 CM,1.0,0.0,0.0,,,,,,,Multiple,Multiple,,SARS-CoV-2,majority_pathogen
1027,1133,4,3,0,4,3,SARS-CoV-2,1.0,T CD4 CM,0.75,0.0,0.0,TFEYVSQPFLMDLE,SARS-CoV2,1,,,,A*02:01,DPA1*01:03-DPB1*04:01,SARS-CoV-2,SARS-CoV-2,majority_pathogen
1033,1204,4,3,0,4,4,SARS-CoV-2,0.5,T CD4 CM,0.3333333333333333,0.0,0.0,KLGGALQAK,Human herpesvirus 5 strain AD169 (Human cytomegalovirus (strain AD169)),2,,,,Multiple,Not restricted,CMV,CMV,vdjdb
1035,1306,4,3,0,4,3,SARS-CoV-2,0.75,T CD4 CM,0.5,0.0,0.0,,,,,,,Not restricted,Not restricted,,SARS-CoV-2,majority_pathogen
1036,1307,4,3,0,4,2,SARS-CoV-2,1.0,T CD4 CM,0.75,0.0,0.0,,,,,,,Not restricted,Multiple,,SARS-CoV-2,majority_pathogen
1037,1309,4,3,0,4,2,SARS-CoV-2,1.0,T CD4 CM,1.0,0.0,0.0,,,,,,,Not restricted,Not restricted,,SARS-CoV-2,majority_pathogen
1040,1005,4,2,0,4,2,SARS-CoV-2,0.75,T CD4 CM,1.0,0.0,0.0,APKEIIFLEGETL,SARS-CoV2,1,,,,Not restricted,DPA1*01:03-DPB1*04:01,SARS-CoV-2,SARS-CoV-2,majority_pathogen
1043,1044,4,2,0,4,4,SARS-CoV-2,0.5,T CD8 EF,0.5,0.0,0.0,,,,,,,A*24:02,Not restricted,,,
1044,1050,4,2,0,4,3,SARS-CoV-2,0.5,T CD4 CM,1.0,0.0,0.0,KLGGALQAK,Human herpesvirus 5 strain AD169 (Human cytomegalovirus (strain AD169)),1,,,,Not restricted,DRB1*15:02,CMV,CMV,vdjdb
1045,1052,4,2,0,4,4,SARS-CoV-2,0.5,T CD4 CM,0.5,0.0,0.0,KLGGALQAK,Human herpesvirus 5 strain AD169 (Human cytomegalovirus (strain AD169)),1,,,,Not restricted,DQA1*05:05-DQB1*03:01,CMV,CMV,vdjdb
1047,1079,4,2,0,4,4,SARS-CoV-2,1.0,T CD4 CM,0.75,0.0,0.0,KLGGALQAK,Human herpesvirus 5 strain AD169 (Human cytomegalovirus (strain AD169)),1,,,,Not restricted,Not restricted,CMV,SARS-CoV-2,majority_pathogen
1049,1102,4,2,0,4,3,SARS-CoV-2,1.0,T CD4 Activated,0.5,0.0,0.0,,,,,,,Not restricted,Not restricted,,SARS-CoV-2,majority_pathogen
1050,1104,4,2,0,4,4,SARS-CoV-2,0.75,T CD8 CM,0.5,0.0,0.0,STLPETAVVRR,Hepatitis B virus (Human hepatitis B virus),1,,,,A*11:01,Not restricted,,SARS-CoV-2,majority_pathogen
1055,1176,4,2,1,4,2,EBV_VZV,0.5,T CD8 RM,1.0,0.0,0.0,GILGFVFTL,Influenza A virus,1,EBNA3C,EBV,1.0,Multiple,Multiple,Influenza,EBV,beam
1056,1196,4,2,0,4,4,SARS-CoV-2,0.75,T CD4 CM,0.5,0.0,0.0,GLEAPFLYLYALVYFLQSINFVRIIMR,SARS-CoV2,1,,,,Multiple,Multiple,SARS-CoV-2,SARS-CoV-2,majority_pathogen
1058,1214,4,2,0,4,3,Dengue_virus,0.5,T CD8 CM,0.5,0.0,0.0,,,,,,,Multiple,Multiple,,,
1059,1219,4,2,0,4,3,SARS-CoV-2,0.75,T CD4 CM,0.75,0.0,0.0,,,,,,,Multiple,Not restricted,,SARS-CoV-2,majority_pathogen
1063,1115,4,1,0,4,2,,0.0,T CD4 CM,1.0,0.0,0.0,,,,,,,Not restricted,Multiple,,,
1064,1124,4,1,0,4,3,SARS-CoV-2,1.0,T CD4 CM,0.5,0.0,0.0,NLLLQYGSFCTQLNRAL,SARS-CoV2,1,,,,C*07:02,DRB1*15:01,SARS-CoV-2,SARS-CoV-2,majority_pathogen
1067,1223,4,1,0,4,4,SARS-CoV-2,0.5,T CD8 CM,0.6666666666666666,0.0,0.0,MIELSLIDFYLCFLAFLLFLVLIML,SARS-CoV2,1,,,,Multiple,Not restricted,SARS-CoV-2,SARS-CoV-2,vdjdb
1068,1243,4,1,0,4,1,SARS-CoV-2,1.0,T CD8 EF,0.75,0.0,0.0,,,,,,,Not restricted,Not restricted,,SARS-CoV-2,majority_pathogen
1070,1250,4,1,0,4,1,SARS-CoV-2,1.0,T CD4 CM,0.75,0.0,0.0,,,,,,,Not restricted,Not restricted,,SARS-CoV-2,majority_pathogen
